date,time,country,country_code,opposing_country,spi,opposing_spi,spi_offense,opposing_spi_offense,spi_defense,opposing_spi_defense,sixteen,win
10-Jun,14:00,Algeria,ALG,GER,63.43,88.87,1.1208,3.1937,1.1636,0.7755,0.2032,1
10-Jun,14:00,Argentina,ARG,SUI,90,78.05,2.8541,1.9844,0.4494,0.9249,0.9279,1
10-Jun,14:00,Belgium,BEL,USA,81.97,77.42,2.1373,2.047,0.741,1.0139,0.7688,1
10-Jun,14:00,Brazil,BRA,CHI,91.83,86.72,3.3686,2.7113,0.5175,0.7043,0.994,1
10-Jun,14:00,Chile,CHI,BRA,86.72,91.83,2.7113,3.3686,0.7043,0.5175,0.6951,0
10-Jun,14:00,Colombia,COL,URU,85.82,83.35,2.1813,2.2396,0.4528,0.6998,0.7794,1
10-Jun,14:00,Costa Rica,CRC,GRE,74.07,76.78,1.3227,1.3357,0.6993,0.5395,0.2622,1
10-Jun,14:00,France,FRA,NGA,86.12,75.23,2.4851,1.6677,0.619,0.8861,0.7974,1
10-Jun,14:00,Germany,GER,ALG,88.87,63.43,3.1937,1.1208,0.7755,1.1636,0.8806,0
10-Jun,14:00,Greece,GRE,CRC,76.78,74.07,1.3357,1.3227,0.5395,0.6993,0.3919,0
10-Jun,14:00,Mexico,MEX,NED,76.95,82.49,1.5534,2.3128,0.6888,0.817,0.398,0
10-Jun,14:00,Netherlands,NED,MEX,82.49,76.95,2.3128,1.5534,0.817,0.6888,0.4284,1
10-Jun,14:00,Nigeria,NGA,FRA,75.23,86.12,1.6677,2.4851,0.8861,0.619,0.3174,0
10-Jun,14:00,Switzerland,SUI,ARG,78.05,90,1.9844,2.8541,0.9249,0.4494,0.4459,0
10-Jun,14:00,Uruguay,URU,COL,83.35,85.82,2.2396,2.1813,0.6998,0.4528,0.6483,0
10-Jun,14:00,USA,USA,BEL,77.42,81.97,2.047,2.1373,1.0139,0.741,0.3228,0
11-Jun,13:30,Algeria,ALG,GER,63.43,88.87,1.1208,3.1937,1.1636,0.7755,0.2032,1
11-Jun,13:30,Argentina,ARG,SUI,90,78.05,2.8541,1.9844,0.4494,0.9249,0.9279,1
11-Jun,13:30,Belgium,BEL,USA,81.97,77.42,2.1373,2.047,0.741,1.0139,0.7688,1
11-Jun,13:30,Brazil,BRA,CHI,91.83,86.72,3.3686,2.7113,0.5175,0.7043,0.994,1
11-Jun,13:30,Chile,CHI,BRA,86.72,91.83,2.7113,3.3686,0.7043,0.5175,0.6951,0
11-Jun,13:30,Colombia,COL,URU,85.82,83.35,2.1813,2.2396,0.4528,0.6998,0.7794,1
11-Jun,13:30,Costa Rica,CRC,GRE,74.07,76.78,1.3227,1.3357,0.6993,0.5395,0.2622,1
11-Jun,13:30,France,FRA,NGA,86.12,75.23,2.4851,1.6677,0.619,0.8861,0.7974,1
11-Jun,13:30,Germany,GER,ALG,88.87,63.43,3.1937,1.1208,0.7755,1.1636,0.8806,0
11-Jun,13:30,Greece,GRE,CRC,76.78,74.07,1.3357,1.3227,0.5395,0.6993,0.3919,0
11-Jun,13:30,Mexico,MEX,NED,76.95,82.49,1.5534,2.3128,0.6888,0.817,0.398,0
11-Jun,13:30,Netherlands,NED,MEX,82.49,76.95,2.3128,1.5534,0.817,0.6888,0.4284,1
11-Jun,13:30,Nigeria,NGA,FRA,75.23,86.12,1.6677,2.4851,0.8861,0.619,0.3174,0
11-Jun,13:30,Switzerland,SUI,ARG,78.05,90,1.9844,2.8541,0.9249,0.4494,0.4459,0
11-Jun,13:30,Uruguay,URU,COL,83.35,85.82,2.2396,2.1813,0.6998,0.4528,0.6483,0
11-Jun,13:30,USA,USA,BEL,77.42,81.97,2.047,2.1373,1.0139,0.741,0.3228,0
12-Jun,9:45,Algeria,ALG,GER,63.42,88.88,1.1206,3.1935,1.1638,0.7751,0.2056,1
12-Jun,9:45,Argentina,ARG,SUI,90,78.05,2.8542,1.9845,0.4494,0.9248,0.9255,1
12-Jun,9:45,Belgium,BEL,USA,81.97,77.42,2.1378,2.0472,0.7411,1.0139,0.7746,1
12-Jun,9:45,Brazil,BRA,CHI,91.83,86.72,3.3717,2.7115,0.5197,0.7043,0.993,1
12-Jun,9:45,Chile,CHI,BRA,86.72,91.83,2.7115,3.3717,0.7043,0.5197,0.6971,0
12-Jun,9:45,Colombia,COL,URU,85.82,83.35,2.1811,2.2397,0.4528,0.6997,0.7775,1
12-Jun,9:45,Costa Rica,CRC,GRE,74.08,76.78,1.3227,1.3359,0.6992,0.5396,0.2649,1
12-Jun,9:45,France,FRA,NGA,86.13,75.23,2.4857,1.6678,0.6189,0.8861,0.805,1
12-Jun,9:45,Germany,GER,ALG,88.88,63.42,3.1935,1.1206,0.7751,1.1638,0.8831,0
12-Jun,9:45,Greece,GRE,CRC,76.78,74.08,1.3359,1.3227,0.5396,0.6992,0.3857,0
12-Jun,9:45,Mexico,MEX,NED,76.95,82.5,1.5531,2.3132,0.6888,0.817,0.3989,0
12-Jun,9:45,Netherlands,NED,MEX,82.5,76.95,2.3132,1.5531,0.817,0.6888,0.4293,1
12-Jun,9:45,Nigeria,NGA,FRA,75.23,86.13,1.6678,2.4857,0.8861,0.6189,0.3185,0
12-Jun,9:45,Switzerland,SUI,ARG,78.05,90,1.9845,2.8542,0.9248,0.4494,0.4467,0
12-Jun,9:45,Uruguay,URU,COL,83.35,85.82,2.2397,2.1811,0.6997,0.4528,0.6539,0
12-Jun,9:45,USA,USA,BEL,77.42,81.97,2.0472,2.1378,1.0139,0.7411,0.3254,0
12-Jun,22:00,Algeria,ALG,GER,63.42,88.88,1.1206,3.1935,1.1638,0.7751,0.2011,1
12-Jun,22:00,Argentina,ARG,SUI,90,78.05,2.8542,1.9845,0.4494,0.9248,0.923,1
12-Jun,22:00,Belgium,BEL,USA,81.97,77.42,2.1378,2.0472,0.7411,1.0139,0.7733,1
12-Jun,22:00,Brazil,BRA,CHI,91.83,86.72,3.3717,2.7115,0.5197,0.7043,0.9984,1
12-Jun,22:00,Chile,CHI,BRA,86.72,91.83,2.7115,3.3717,0.7043,0.5197,0.6992,0
12-Jun,22:00,Colombia,COL,URU,85.82,83.35,2.1811,2.2397,0.4528,0.6997,0.7868,1
12-Jun,22:00,Costa Rica,CRC,GRE,74.08,76.78,1.3227,1.3359,0.6992,0.5396,0.2666,1
12-Jun,22:00,France,FRA,NGA,86.13,75.23,2.4857,1.6678,0.6189,0.8861,0.7967,1
12-Jun,22:00,Germany,GER,ALG,88.88,63.42,3.1935,1.1206,0.7751,1.1638,0.8833,0
12-Jun,22:00,Greece,GRE,CRC,76.78,74.08,1.3359,1.3227,0.5396,0.6992,0.3836,0
12-Jun,22:00,Mexico,MEX,NED,76.95,82.5,1.5531,2.3132,0.6888,0.817,0.3896,0
12-Jun,22:00,Netherlands,NED,MEX,82.5,76.95,2.3132,1.5531,0.817,0.6888,0.4286,1
12-Jun,22:00,Nigeria,NGA,FRA,75.23,86.13,1.6678,2.4857,0.8861,0.6189,0.3199,0
12-Jun,22:00,Switzerland,SUI,ARG,78.05,90,1.9845,2.8542,0.9248,0.4494,0.4468,0
12-Jun,22:00,Uruguay,URU,COL,83.35,85.82,2.2397,2.1811,0.6997,0.4528,0.6546,0
12-Jun,22:00,USA,USA,BEL,77.42,81.97,2.0472,2.1378,1.0139,0.7411,0.3246,0
13-Jun,9:30,Algeria,ALG,GER,63.41,88.88,1.1202,3.194,1.1642,0.7751,0.2031,1
13-Jun,9:30,Argentina,ARG,SUI,90,78.09,2.8542,1.9841,0.4498,0.9216,0.9227,1
13-Jun,9:30,Belgium,BEL,USA,82,77.42,2.1387,2.0473,0.7397,1.0141,0.777,1
13-Jun,9:30,Brazil,BRA,CHI,91.64,86.71,3.3933,2.7085,0.559,0.7041,0.9978,1
13-Jun,9:30,Chile,CHI,BRA,86.71,91.64,2.7085,3.3933,0.7041,0.559,0.6931,0
13-Jun,9:30,Colombia,COL,URU,85.82,83.33,2.1806,2.2379,0.4532,0.6999,0.7775,1
13-Jun,9:30,Costa Rica,CRC,GRE,74.07,76.79,1.3226,1.3365,0.6996,0.5396,0.2639,1
13-Jun,9:30,France,FRA,NGA,86.13,75.23,2.4862,1.6678,0.6189,0.8866,0.7987,1
13-Jun,9:30,Germany,GER,ALG,88.88,63.41,3.194,1.1202,0.7751,1.1642,0.8761,0
13-Jun,9:30,Greece,GRE,CRC,76.79,74.07,1.3365,1.3226,0.5396,0.6996,0.3828,0
13-Jun,9:30,Mexico,MEX,NED,76.93,82.5,1.5518,2.3138,0.6892,0.8173,0.386,0
13-Jun,9:30,Netherlands,NED,MEX,82.5,76.93,2.3138,1.5518,0.8173,0.6892,0.4262,1
13-Jun,9:30,Nigeria,NGA,FRA,75.23,86.13,1.6678,2.4862,0.8866,0.6189,0.3138,0
13-Jun,9:30,Switzerland,SUI,ARG,78.09,90,1.9841,2.8542,0.9216,0.4498,0.4526,0
13-Jun,9:30,Uruguay,URU,COL,83.33,85.82,2.2379,2.1806,0.6999,0.4532,0.6585,0
13-Jun,9:30,USA,USA,BEL,77.42,82,2.0473,2.1387,1.0141,0.7397,0.3293,0
13-Jun,18:00,Algeria,ALG,GER,63.41,88.88,1.1202,3.194,1.1642,0.7751,0.1973,1
13-Jun,18:00,Argentina,ARG,SUI,90,78.09,2.8542,1.9841,0.4498,0.9216,0.9252,1
13-Jun,18:00,Belgium,BEL,USA,82,77.42,2.1387,2.0473,0.7397,1.0141,0.7808,1
13-Jun,18:00,Brazil,BRA,CHI,91.64,86.71,3.3933,2.7085,0.559,0.7041,0.9985,1
13-Jun,18:00,Chile,CHI,BRA,86.71,91.64,2.7085,3.3933,0.7041,0.559,0.6906,0
13-Jun,18:00,Colombia,COL,URU,85.82,83.33,2.1806,2.2379,0.4532,0.6999,0.7761,1
13-Jun,18:00,Costa Rica,CRC,GRE,74.07,76.79,1.3226,1.3365,0.6996,0.5396,0.2646,1
13-Jun,18:00,France,FRA,NGA,86.13,75.23,2.4862,1.6678,0.6189,0.8866,0.7977,1
13-Jun,18:00,Germany,GER,ALG,88.88,63.41,3.194,1.1202,0.7751,1.1642,0.8759,0
13-Jun,18:00,Greece,GRE,CRC,76.79,74.07,1.3365,1.3226,0.5396,0.6996,0.3876,0
13-Jun,18:00,Mexico,MEX,NED,76.93,82.5,1.5518,2.3138,0.6892,0.8173,0.591,0
13-Jun,18:00,Netherlands,NED,MEX,82.5,76.93,2.3138,1.5518,0.8173,0.6892,0.442,1
13-Jun,18:00,Nigeria,NGA,FRA,75.23,86.13,1.6678,2.4862,0.8866,0.6189,0.3172,0
13-Jun,18:00,Switzerland,SUI,ARG,78.09,90,1.9841,2.8542,0.9216,0.4498,0.4403,0
13-Jun,18:00,Uruguay,URU,COL,83.33,85.82,2.2379,2.1806,0.6999,0.4532,0.6432,0
13-Jun,18:00,USA,USA,BEL,77.42,82,2.0473,2.1387,1.0141,0.7397,0.3302,0
13-Jun,21:00,Algeria,ALG,GER,63.41,88.88,1.1202,3.194,1.1642,0.7751,0.2005,1
13-Jun,21:00,Argentina,ARG,SUI,90,78.09,2.8542,1.9841,0.4498,0.9216,0.9272,1
13-Jun,21:00,Belgium,BEL,USA,82,77.42,2.1387,2.0473,0.7397,1.0141,0.7761,1
13-Jun,21:00,Brazil,BRA,CHI,91.64,86.71,3.3933,2.7085,0.559,0.7041,0.998,1
13-Jun,21:00,Chile,CHI,BRA,86.71,91.64,2.7085,3.3933,0.7041,0.559,0.6731,0
13-Jun,21:00,Colombia,COL,URU,85.82,83.33,2.1806,2.2379,0.4532,0.6999,0.7715,1
13-Jun,21:00,Costa Rica,CRC,GRE,74.07,76.79,1.3226,1.3365,0.6996,0.5396,0.2643,1
13-Jun,21:00,France,FRA,NGA,86.13,75.23,2.4862,1.6678,0.6189,0.8866,0.7965,1
13-Jun,21:00,Germany,GER,ALG,88.88,63.41,3.194,1.1202,0.7751,1.1642,0.88,0
13-Jun,21:00,Greece,GRE,CRC,76.79,74.07,1.3365,1.3226,0.5396,0.6996,0.3928,0
13-Jun,21:00,Mexico,MEX,NED,76.93,82.5,1.5518,2.3138,0.6892,0.8173,0.5899,0
13-Jun,21:00,Netherlands,NED,MEX,82.5,76.93,2.3138,1.5518,0.8173,0.6892,0.9063,1
13-Jun,21:00,Nigeria,NGA,FRA,75.23,86.13,1.6678,2.4862,0.8866,0.6189,0.3157,0
13-Jun,21:00,Switzerland,SUI,ARG,78.09,90,1.9841,2.8542,0.9216,0.4498,0.4456,0
13-Jun,21:00,Uruguay,URU,COL,83.33,85.82,2.2379,2.1806,0.6999,0.4532,0.6548,0
13-Jun,21:00,USA,USA,BEL,77.42,82,2.0473,2.1387,1.0141,0.7397,0.3274,0
14-Jun,0:00,Algeria,ALG,GER,63.41,88.88,1.1202,3.194,1.1642,0.7751,0.1963,1
14-Jun,0:00,Argentina,ARG,SUI,90,78.09,2.8542,1.9841,0.4498,0.9216,0.9229,1
14-Jun,0:00,Belgium,BEL,USA,82,77.42,2.1387,2.0473,0.7397,1.0141,0.7733,1
14-Jun,0:00,Brazil,BRA,CHI,91.64,86.71,3.3933,2.7085,0.559,0.7041,0.998,1
14-Jun,0:00,Chile,CHI,BRA,86.71,91.64,2.7085,3.3933,0.7041,0.559,0.7718,0
14-Jun,0:00,Colombia,COL,URU,85.82,83.33,2.1806,2.2379,0.4532,0.6999,0.7838,1
14-Jun,0:00,Costa Rica,CRC,GRE,74.07,76.79,1.3226,1.3365,0.6996,0.5396,0.2607,1
14-Jun,0:00,France,FRA,NGA,86.13,75.23,2.4862,1.6678,0.6189,0.8866,0.8015,1
14-Jun,0:00,Germany,GER,ALG,88.88,63.41,3.194,1.1202,0.7751,1.1642,0.8833,0
14-Jun,0:00,Greece,GRE,CRC,76.79,74.07,1.3365,1.3226,0.5396,0.6996,0.3794,0
14-Jun,0:00,Mexico,MEX,NED,76.93,82.5,1.5518,2.3138,0.6892,0.8173,0.59,0
14-Jun,0:00,Netherlands,NED,MEX,82.5,76.93,2.3138,1.5518,0.8173,0.6892,0.8995,1
14-Jun,0:00,Nigeria,NGA,FRA,75.23,86.13,1.6678,2.4862,0.8866,0.6189,0.322,0
14-Jun,0:00,Switzerland,SUI,ARG,78.09,90,1.9841,2.8542,0.9216,0.4498,0.4469,0
14-Jun,0:00,Uruguay,URU,COL,83.33,85.82,2.2379,2.1806,0.6999,0.4532,0.6528,0
14-Jun,0:00,USA,USA,BEL,77.42,82,2.0473,2.1387,1.0141,0.7397,0.3269,0
14-Jun,9:30,Algeria,ALG,GER,63.36,88.86,1.1193,3.1981,1.1652,0.7783,0.1997,1
14-Jun,9:30,Argentina,ARG,SUI,89.99,78.06,2.8546,1.9812,0.45,0.9198,0.9188,1
14-Jun,9:30,Belgium,BEL,USA,82.01,77.47,2.1377,2.0538,0.7362,1.0128,0.7687,1
14-Jun,9:30,Brazil,BRA,CHI,91.63,86.68,3.391,2.7208,0.5577,0.7117,0.9979,1
14-Jun,9:30,Chile,CHI,BRA,86.68,91.63,2.7208,3.391,0.7117,0.5577,0.7733,0
14-Jun,9:30,Colombia,COL,URU,85.81,83.23,2.1793,2.2318,0.4513,0.7017,0.7788,1
14-Jun,9:30,Costa Rica,CRC,GRE,74.13,76.83,1.3273,1.3401,0.6977,0.5379,0.267,1
14-Jun,9:30,France,FRA,NGA,86.13,75.14,2.4875,1.6667,0.6181,0.8891,0.7951,1
14-Jun,9:30,Germany,GER,ALG,88.86,63.36,3.1981,1.1193,0.7783,1.1652,0.8772,0
14-Jun,9:30,Greece,GRE,CRC,76.83,74.13,1.3401,1.3273,0.5379,0.6977,0.385,0
14-Jun,9:30,Mexico,MEX,NED,77.55,86.94,1.5331,2.8146,0.6328,0.7449,0.5888,0
14-Jun,9:30,Netherlands,NED,MEX,86.94,77.55,2.8146,1.5331,0.7449,0.6328,0.9572,1
14-Jun,9:30,Nigeria,NGA,FRA,75.14,86.13,1.6667,2.4875,0.8891,0.6181,0.3229,0
14-Jun,9:30,Switzerland,SUI,ARG,78.06,89.99,1.9812,2.8546,0.9198,0.45,0.4469,0
14-Jun,9:30,Uruguay,URU,COL,83.23,85.81,2.2318,2.1793,0.7017,0.4513,0.6556,0
14-Jun,9:30,USA,USA,BEL,77.47,82.01,2.0538,2.1377,1.0128,0.7362,0.3334,0
14-Jun,18:00,Algeria,ALG,GER,63.36,88.86,1.1193,3.1981,1.1652,0.7783,0.2008,1
14-Jun,18:00,Argentina,ARG,SUI,89.99,78.06,2.8546,1.9812,0.45,0.9198,0.9261,1
14-Jun,18:00,Belgium,BEL,USA,82.01,77.47,2.1377,2.0538,0.7362,1.0128,0.7787,1
14-Jun,18:00,Brazil,BRA,CHI,91.63,86.68,3.391,2.7208,0.5577,0.7117,0.998,1
14-Jun,18:00,Chile,CHI,BRA,86.68,91.63,2.7208,3.391,0.7117,0.5577,0.7751,0
14-Jun,18:00,Colombia,COL,URU,85.81,83.23,2.1793,2.2318,0.4513,0.7017,0.9375,1
14-Jun,18:00,Costa Rica,CRC,GRE,74.13,76.83,1.3273,1.3401,0.6977,0.5379,0.2627,1
14-Jun,18:00,France,FRA,NGA,86.13,75.14,2.4875,1.6667,0.6181,0.8891,0.7896,1
14-Jun,18:00,Germany,GER,ALG,88.86,63.36,3.1981,1.1193,0.7783,1.1652,0.8794,0
14-Jun,18:00,Greece,GRE,CRC,76.83,74.13,1.3401,1.3273,0.5379,0.6977,0.1866,0
14-Jun,18:00,Mexico,MEX,NED,77.55,86.94,1.5331,2.8146,0.6328,0.7449,0.5889,0
14-Jun,18:00,Netherlands,NED,MEX,86.94,77.55,2.8146,1.5331,0.7449,0.6328,0.9591,1
14-Jun,18:00,Nigeria,NGA,FRA,75.14,86.13,1.6667,2.4875,0.8891,0.6181,0.3057,0
14-Jun,18:00,Switzerland,SUI,ARG,78.06,89.99,1.9812,2.8546,0.9198,0.45,0.4459,0
14-Jun,18:00,Uruguay,URU,COL,83.23,85.81,2.2318,2.1793,0.7017,0.4513,0.652,0
14-Jun,18:00,USA,USA,BEL,77.47,82.01,2.0538,2.1377,1.0128,0.7362,0.3265,0
14-Jun,21:00,Algeria,ALG,GER,63.36,88.86,1.1193,3.1981,1.1652,0.7783,0.1977,1
14-Jun,21:00,Argentina,ARG,SUI,89.99,78.06,2.8546,1.9812,0.45,0.9198,0.9238,1
14-Jun,21:00,Belgium,BEL,USA,82.01,77.47,2.1377,2.0538,0.7362,1.0128,0.7868,1
14-Jun,21:00,Brazil,BRA,CHI,91.63,86.68,3.391,2.7208,0.5577,0.7117,0.9983,1
14-Jun,21:00,Chile,CHI,BRA,86.68,91.63,2.7208,3.391,0.7117,0.5577,0.7741,0
14-Jun,21:00,Colombia,COL,URU,85.81,83.23,2.1793,2.2318,0.4513,0.7017,0.9431,1
14-Jun,21:00,Costa Rica,CRC,GRE,74.13,76.83,1.3273,1.3401,0.6977,0.5379,0.6699,1
14-Jun,21:00,France,FRA,NGA,86.13,75.14,2.4875,1.6667,0.6181,0.8891,0.8046,1
14-Jun,21:00,Germany,GER,ALG,88.86,63.36,3.1981,1.1193,0.7783,1.1652,0.8706,0
14-Jun,21:00,Greece,GRE,CRC,76.83,74.13,1.3401,1.3273,0.5379,0.6977,0.1962,0
14-Jun,21:00,Mexico,MEX,NED,77.55,86.94,1.5331,2.8146,0.6328,0.7449,0.5841,0
14-Jun,21:00,Netherlands,NED,MEX,86.94,77.55,2.8146,1.5331,0.7449,0.6328,0.9586,1
14-Jun,21:00,Nigeria,NGA,FRA,75.14,86.13,1.6667,2.4875,0.8891,0.6181,0.3124,0
14-Jun,21:00,Switzerland,SUI,ARG,78.06,89.99,1.9812,2.8546,0.9198,0.45,0.4397,0
14-Jun,21:00,Uruguay,URU,COL,83.23,85.81,2.2318,2.1793,0.7017,0.4513,0.2625,0
14-Jun,21:00,USA,USA,BEL,77.47,82.01,2.0538,2.1377,1.0128,0.7362,0.3305,0
15-Jun,0:00,Algeria,ALG,GER,63.36,88.86,1.1193,3.1981,1.1652,0.7783,0.1973,1
15-Jun,0:00,Argentina,ARG,SUI,89.99,78.06,2.8546,1.9812,0.45,0.9198,0.9237,1
15-Jun,0:00,Belgium,BEL,USA,82.01,77.47,2.1377,2.0538,0.7362,1.0128,0.7759,1
15-Jun,0:00,Brazil,BRA,CHI,91.63,86.68,3.391,2.7208,0.5577,0.7117,0.9984,1
15-Jun,0:00,Chile,CHI,BRA,86.68,91.63,2.7208,3.391,0.7117,0.5577,0.7705,0
15-Jun,0:00,Colombia,COL,URU,85.81,83.23,2.1793,2.2318,0.4513,0.7017,0.9399,1
15-Jun,0:00,Costa Rica,CRC,GRE,74.13,76.83,1.3273,1.3401,0.6977,0.5379,0.6602,1
15-Jun,0:00,France,FRA,NGA,86.13,75.14,2.4875,1.6667,0.6181,0.8891,0.799,1
15-Jun,0:00,Germany,GER,ALG,88.86,63.36,3.1981,1.1193,0.7783,1.1652,0.8809,0
15-Jun,0:00,Greece,GRE,CRC,76.83,74.13,1.3401,1.3273,0.5379,0.6977,0.199,0
15-Jun,0:00,Mexico,MEX,NED,77.55,86.94,1.5331,2.8146,0.6328,0.7449,0.5873,0
15-Jun,0:00,Netherlands,NED,MEX,86.94,77.55,2.8146,1.5331,0.7449,0.6328,0.9596,1
15-Jun,0:00,Nigeria,NGA,FRA,75.14,86.13,1.6667,2.4875,0.8891,0.6181,0.3256,0
15-Jun,0:00,Switzerland,SUI,ARG,78.06,89.99,1.9812,2.8546,0.9198,0.45,0.4416,0
15-Jun,0:00,Uruguay,URU,COL,83.23,85.81,2.2318,2.1793,0.7017,0.4513,0.2594,0
15-Jun,0:00,USA,USA,BEL,77.47,82.01,2.0538,2.1377,1.0128,0.7362,0.324,0
15-Jun,9:30,Algeria,ALG,GER,63.36,88.87,1.1191,3.1972,1.1659,0.7786,0.2011,1
15-Jun,9:30,Argentina,ARG,SUI,90,78.03,2.8521,1.9791,0.4498,0.9216,0.9209,1
15-Jun,9:30,Belgium,BEL,USA,82.06,77.76,2.1405,2.0627,0.7355,1.0004,0.7854,1
15-Jun,9:30,Brazil,BRA,CHI,91.63,86.79,3.3847,2.7203,0.5572,0.7033,0.9985,1
15-Jun,9:30,Chile,CHI,BRA,86.79,91.63,2.7203,3.3847,0.7033,0.5572,0.773,0
15-Jun,9:30,Colombia,COL,URU,87.69,80.89,2.3949,2.194,0.4158,0.8617,0.9641,1
15-Jun,9:30,Costa Rica,CRC,GRE,77.48,74.29,1.5852,1.2891,0.6767,0.6597,0.7195,1
15-Jun,9:30,France,FRA,NGA,86.13,75.07,2.4866,1.6598,0.6193,0.8902,0.7899,1
15-Jun,9:30,Germany,GER,ALG,88.87,63.36,3.1972,1.1191,0.7786,1.1659,0.8742,0
15-Jun,9:30,Greece,GRE,CRC,74.29,77.48,1.2891,1.5852,0.6597,0.6767,0.1444,0
15-Jun,9:30,Mexico,MEX,NED,77.77,86.92,1.5407,2.8119,0.6249,0.747,0.589,0
15-Jun,9:30,Netherlands,NED,MEX,86.92,77.77,2.8119,1.5407,0.747,0.6249,0.9585,1
15-Jun,9:30,Nigeria,NGA,FRA,75.07,86.13,1.6598,2.4866,0.8902,0.6193,0.3175,0
15-Jun,9:30,Switzerland,SUI,ARG,78.03,90,1.9791,2.8521,0.9216,0.4498,0.447,0
15-Jun,9:30,Uruguay,URU,COL,80.89,87.69,2.194,2.3949,0.8617,0.4158,0.2102,0
15-Jun,9:30,USA,USA,BEL,77.76,82.06,2.0627,2.1405,1.0004,0.7355,0.344,0
15-Jun,18:00,Algeria,ALG,GER,63.36,88.87,1.1191,3.1972,1.1659,0.7786,0.1952,1
15-Jun,18:00,Argentina,ARG,SUI,90,78.03,2.8521,1.9791,0.4498,0.9216,0.9231,1
15-Jun,18:00,Belgium,BEL,USA,82.06,77.76,2.1405,2.0627,0.7355,1.0004,0.7702,1
15-Jun,18:00,Brazil,BRA,CHI,91.63,86.79,3.3847,2.7203,0.5572,0.7033,0.9985,1
15-Jun,18:00,Chile,CHI,BRA,86.79,91.63,2.7203,3.3847,0.7033,0.5572,0.7775,0
15-Jun,18:00,Colombia,COL,URU,87.69,80.89,2.3949,2.194,0.4158,0.8617,0.9634,1
15-Jun,18:00,Costa Rica,CRC,GRE,77.48,74.29,1.5852,1.2891,0.6767,0.6597,0.7207,1
15-Jun,18:00,France,FRA,NGA,86.13,75.07,2.4866,1.6598,0.6193,0.8902,0.7922,1
15-Jun,18:00,Germany,GER,ALG,88.87,63.36,3.1972,1.1191,0.7786,1.1659,0.8802,0
15-Jun,18:00,Greece,GRE,CRC,74.29,77.48,1.2891,1.5852,0.6597,0.6767,0.1502,0
15-Jun,18:00,Mexico,MEX,NED,77.77,86.92,1.5407,2.8119,0.6249,0.747,0.6027,0
15-Jun,18:00,Netherlands,NED,MEX,86.92,77.77,2.8119,1.5407,0.747,0.6249,0.9583,1
15-Jun,18:00,Nigeria,NGA,FRA,75.07,86.13,1.6598,2.4866,0.8902,0.6193,0.3126,0
15-Jun,18:00,Switzerland,SUI,ARG,78.03,90,1.9791,2.8521,0.9216,0.4498,0.7622,0
15-Jun,18:00,Uruguay,URU,COL,80.89,87.69,2.194,2.3949,0.8617,0.4158,0.2137,0
15-Jun,18:00,USA,USA,BEL,77.76,82.06,2.0627,2.1405,1.0004,0.7355,0.3395,0
15-Jun,21:00,Algeria,ALG,GER,63.36,88.87,1.1191,3.1972,1.1659,0.7786,0.2008,1
15-Jun,21:00,Argentina,ARG,SUI,90,78.03,2.8521,1.9791,0.4498,0.9216,0.9284,1
15-Jun,21:00,Belgium,BEL,USA,82.06,77.76,2.1405,2.0627,0.7355,1.0004,0.7686,1
15-Jun,21:00,Brazil,BRA,CHI,91.63,86.79,3.3847,2.7203,0.5572,0.7033,0.9977,1
15-Jun,21:00,Chile,CHI,BRA,86.79,91.63,2.7203,3.3847,0.7033,0.5572,0.7731,0
15-Jun,21:00,Colombia,COL,URU,87.69,80.89,2.3949,2.194,0.4158,0.8617,0.9633,1
15-Jun,21:00,Costa Rica,CRC,GRE,77.48,74.29,1.5852,1.2891,0.6767,0.6597,0.7258,1
15-Jun,21:00,France,FRA,NGA,86.13,75.07,2.4866,1.6598,0.6193,0.8902,0.9102,1
15-Jun,21:00,Germany,GER,ALG,88.87,63.36,3.1972,1.1191,0.7786,1.1659,0.8788,0
15-Jun,21:00,Greece,GRE,CRC,74.29,77.48,1.2891,1.5852,0.6597,0.6767,0.1461,0
15-Jun,21:00,Mexico,MEX,NED,77.77,86.92,1.5407,2.8119,0.6249,0.747,0.5962,0
15-Jun,21:00,Netherlands,NED,MEX,86.92,77.77,2.8119,1.5407,0.747,0.6249,0.9594,1
15-Jun,21:00,Nigeria,NGA,FRA,75.07,86.13,1.6598,2.4866,0.8902,0.6193,0.3191,0
15-Jun,21:00,Switzerland,SUI,ARG,78.03,90,1.9791,2.8521,0.9216,0.4498,0.7715,0
15-Jun,21:00,Uruguay,URU,COL,80.89,87.69,2.194,2.3949,0.8617,0.4158,0.2092,0
15-Jun,21:00,USA,USA,BEL,77.76,82.06,2.0627,2.1405,1.0004,0.7355,0.346,0
16-Jun,1:00,Algeria,ALG,GER,63.35,88.87,1.1188,3.1985,1.166,0.7763,0.201,1
16-Jun,1:00,Argentina,ARG,SUI,90.51,79.31,2.901,2.0712,0.4164,0.8939,0.9803,1
16-Jun,1:00,Belgium,BEL,USA,82.1,77.53,2.1462,2.0458,0.7351,1.0036,0.7765,1
16-Jun,1:00,Brazil,BRA,CHI,91.61,86.77,3.3851,2.7182,0.5567,0.702,0.9987,1
16-Jun,1:00,Chile,CHI,BRA,86.77,91.61,2.7182,3.3851,0.702,0.5567,0.78,0
16-Jun,1:00,Colombia,COL,URU,87.62,80.77,2.3961,2.1806,0.4209,0.8603,0.9631,1
16-Jun,1:00,Costa Rica,CRC,GRE,77.4,74.35,1.592,1.292,0.6859,0.6577,0.7241,1
16-Jun,1:00,France,FRA,NGA,87.49,75.02,2.6233,1.6593,0.5744,0.8921,0.9293,1
16-Jun,1:00,Germany,GER,ALG,88.87,63.35,3.1985,1.1188,0.7763,1.166,0.8809,0
16-Jun,1:00,Greece,GRE,CRC,74.35,77.4,1.292,1.592,0.6577,0.6859,0.15,0
16-Jun,1:00,Mexico,MEX,NED,77.47,86.87,1.5187,2.8015,0.6278,0.7438,0.5867,0
16-Jun,1:00,Netherlands,NED,MEX,86.87,77.47,2.8015,1.5187,0.7438,0.6278,0.9564,1
16-Jun,1:00,Nigeria,NGA,FRA,75.02,87.49,1.6593,2.6233,0.8921,0.5744,0.3102,0
16-Jun,1:00,Switzerland,SUI,ARG,79.31,90.51,2.0712,2.901,0.8939,0.4164,0.8032,0
16-Jun,1:00,Uruguay,URU,COL,80.77,87.62,2.1806,2.3961,0.8603,0.4209,0.2123,0
16-Jun,1:00,USA,USA,BEL,77.53,82.1,2.0458,2.1462,1.0036,0.7351,0.3293,0
16-Jun,18:30,Algeria,ALG,GER,63.35,88.87,1.1188,3.1985,1.166,0.7763,0.2021,1
16-Jun,18:30,Argentina,ARG,SUI,90.51,79.31,2.901,2.0712,0.4164,0.8939,0.9811,1
16-Jun,18:30,Belgium,BEL,USA,82.1,77.53,2.1462,2.0458,0.7351,1.0036,0.7802,1
16-Jun,18:30,Brazil,BRA,CHI,91.61,86.77,3.3851,2.7182,0.5567,0.702,0.9986,1
16-Jun,18:30,Chile,CHI,BRA,86.77,91.61,2.7182,3.3851,0.702,0.5567,0.7776,0
16-Jun,18:30,Colombia,COL,URU,87.62,80.77,2.3961,2.1806,0.4209,0.8603,0.9627,1
16-Jun,18:30,Costa Rica,CRC,GRE,77.4,74.35,1.592,1.292,0.6859,0.6577,0.7138,1
16-Jun,18:30,France,FRA,NGA,87.49,75.02,2.6233,1.6593,0.5744,0.8921,0.9311,1
16-Jun,18:30,Germany,GER,ALG,88.87,63.35,3.1985,1.1188,0.7763,1.166,0.9751,0
16-Jun,18:30,Greece,GRE,CRC,74.35,77.4,1.292,1.592,0.6577,0.6859,0.1456,0
16-Jun,18:30,Mexico,MEX,NED,77.47,86.87,1.5187,2.8015,0.6278,0.7438,0.5798,0
16-Jun,18:30,Netherlands,NED,MEX,86.87,77.47,2.8015,1.5187,0.7438,0.6278,0.9609,1
16-Jun,18:30,Nigeria,NGA,FRA,75.02,87.49,1.6593,2.6233,0.8921,0.5744,0.3132,0
16-Jun,18:30,Switzerland,SUI,ARG,79.31,90.51,2.0712,2.901,0.8939,0.4164,0.8017,0
16-Jun,18:30,Uruguay,URU,COL,80.77,87.62,2.1806,2.3961,0.8603,0.4209,0.2113,0
16-Jun,18:30,USA,USA,BEL,77.53,82.1,2.0458,2.1462,1.0036,0.7351,0.368,0
16-Jun,21:00,Algeria,ALG,GER,63.35,88.87,1.1188,3.1985,1.166,0.7763,0.1961,1
16-Jun,21:00,Argentina,ARG,SUI,90.51,79.31,2.901,2.0712,0.4164,0.8939,0.9867,1
16-Jun,21:00,Belgium,BEL,USA,82.1,77.53,2.1462,2.0458,0.7351,1.0036,0.7773,1
16-Jun,21:00,Brazil,BRA,CHI,91.61,86.77,3.3851,2.7182,0.5567,0.702,0.9989,1
16-Jun,21:00,Chile,CHI,BRA,86.77,91.61,2.7182,3.3851,0.702,0.5567,0.7697,0
16-Jun,21:00,Colombia,COL,URU,87.62,80.77,2.3961,2.1806,0.4209,0.8603,0.9592,1
16-Jun,21:00,Costa Rica,CRC,GRE,77.4,74.35,1.592,1.292,0.6859,0.6577,0.7206,1
16-Jun,21:00,France,FRA,NGA,87.49,75.02,2.6233,1.6593,0.5744,0.8921,0.9328,1
16-Jun,21:00,Germany,GER,ALG,88.87,63.35,3.1985,1.1188,0.7763,1.166,0.9755,0
16-Jun,21:00,Greece,GRE,CRC,74.35,77.4,1.292,1.592,0.6577,0.6859,0.1434,0
16-Jun,21:00,Mexico,MEX,NED,77.47,86.87,1.5187,2.8015,0.6278,0.7438,0.5909,0
16-Jun,21:00,Netherlands,NED,MEX,86.87,77.47,2.8015,1.5187,0.7438,0.6278,0.9563,1
16-Jun,21:00,Nigeria,NGA,FRA,75.02,87.49,1.6593,2.6233,0.8921,0.5744,0.2678,0
16-Jun,21:00,Switzerland,SUI,ARG,79.31,90.51,2.0712,2.901,0.8939,0.4164,0.7913,0
16-Jun,21:00,Uruguay,URU,COL,80.77,87.62,2.1806,2.3961,0.8603,0.4209,0.2095,0
16-Jun,21:00,USA,USA,BEL,77.53,82.1,2.0458,2.1462,1.0036,0.7351,0.3683,0
17-Jun,0:00,Algeria,ALG,GER,63.35,88.87,1.1188,3.1985,1.166,0.7763,0.2067,1
17-Jun,0:00,Argentina,ARG,SUI,90.51,79.31,2.901,2.0712,0.4164,0.8939,0.986,1
17-Jun,0:00,Belgium,BEL,USA,82.1,77.53,2.1462,2.0458,0.7351,1.0036,0.7796,1
17-Jun,0:00,Brazil,BRA,CHI,91.61,86.77,3.3851,2.7182,0.5567,0.702,0.9981,1
17-Jun,0:00,Chile,CHI,BRA,86.77,91.61,2.7182,3.3851,0.702,0.5567,0.7733,0
17-Jun,0:00,Colombia,COL,URU,87.62,80.77,2.3961,2.1806,0.4209,0.8603,0.9637,1
17-Jun,0:00,Costa Rica,CRC,GRE,77.4,74.35,1.592,1.292,0.6859,0.6577,0.7124,1
17-Jun,0:00,France,FRA,NGA,87.49,75.02,2.6233,1.6593,0.5744,0.8921,0.9301,1
17-Jun,0:00,Germany,GER,ALG,88.87,63.35,3.1985,1.1188,0.7763,1.166,0.9748,0
17-Jun,0:00,Greece,GRE,CRC,74.35,77.4,1.292,1.592,0.6577,0.6859,0.1435,0
17-Jun,0:00,Mexico,MEX,NED,77.47,86.87,1.5187,2.8015,0.6278,0.7438,0.5949,0
17-Jun,0:00,Netherlands,NED,MEX,86.87,77.47,2.8015,1.5187,0.7438,0.6278,0.9585,1
17-Jun,0:00,Nigeria,NGA,FRA,75.02,87.49,1.6593,2.6233,0.8921,0.5744,0.2753,0
17-Jun,0:00,Switzerland,SUI,ARG,79.31,90.51,2.0712,2.901,0.8939,0.4164,0.8018,0
17-Jun,0:00,Uruguay,URU,COL,80.77,87.62,2.1806,2.3961,0.8603,0.4209,0.2078,0
17-Jun,0:00,USA,USA,BEL,77.53,82.1,2.0458,2.1462,1.0036,0.7351,0.6311,0
17-Jun,9:30,Algeria,ALG,GER,63.35,90.09,1.1178,3.2869,1.1668,0.6908,0.1967,1
17-Jun,9:30,Argentina,ARG,SUI,89.87,79.35,2.8242,2.0756,0.4467,0.8953,0.9815,1
17-Jun,9:30,Belgium,BEL,USA,82.09,78.43,2.1425,2.0989,0.7344,0.9785,0.7777,1
17-Jun,9:30,Brazil,BRA,CHI,91.6,86.83,3.3842,2.7238,0.5578,0.7007,0.9985,1
17-Jun,9:30,Chile,CHI,BRA,86.83,91.6,2.7238,3.3842,0.7007,0.5578,0.7756,0
17-Jun,9:30,Colombia,COL,URU,87.63,80.88,2.3896,2.1937,0.4174,0.8626,0.965,1
17-Jun,9:30,Costa Rica,CRC,GRE,77.45,74.21,1.5906,1.2976,0.6828,0.672,0.7233,1
17-Jun,9:30,France,FRA,NGA,86.93,74.89,2.5422,1.5476,0.5791,0.8186,0.9197,1
17-Jun,9:30,Germany,GER,ALG,90.09,63.35,3.2869,1.1178,0.6908,1.1668,0.9836,0
17-Jun,9:30,Greece,GRE,CRC,74.21,77.45,1.2976,1.5906,0.672,0.6828,0.1463,0
17-Jun,9:30,Mexico,MEX,NED,77.57,86.88,1.5338,2.8083,0.6336,0.7476,0.5862,0
17-Jun,9:30,Netherlands,NED,MEX,86.88,77.57,2.8083,1.5338,0.7476,0.6336,0.9566,1
17-Jun,9:30,Nigeria,NGA,FRA,74.89,86.93,1.5476,2.5422,0.8186,0.5791,0.2822,0
17-Jun,9:30,Switzerland,SUI,ARG,79.35,89.87,2.0756,2.8242,0.8953,0.4467,0.8057,0
17-Jun,9:30,Uruguay,URU,COL,80.88,87.63,2.1937,2.3896,0.8626,0.4174,0.215,0
17-Jun,9:30,USA,USA,BEL,78.43,82.09,2.0989,2.1425,0.9785,0.7344,0.6724,0
17-Jun,18:00,Algeria,ALG,GER,63.35,90.09,1.1178,3.2869,1.1668,0.6908,0.1213,1
17-Jun,18:00,Argentina,ARG,SUI,89.87,79.35,2.8242,2.0756,0.4467,0.8953,0.9822,1
17-Jun,18:00,Belgium,BEL,USA,82.09,78.43,2.1425,2.0989,0.7344,0.9785,0.8615,1
17-Jun,18:00,Brazil,BRA,CHI,91.6,86.83,3.3842,2.7238,0.5578,0.7007,0.9975,1
17-Jun,18:00,Chile,CHI,BRA,86.83,91.6,2.7238,3.3842,0.7007,0.5578,0.7766,0
17-Jun,18:00,Colombia,COL,URU,87.63,80.88,2.3896,2.1937,0.4174,0.8626,0.958,1
17-Jun,18:00,Costa Rica,CRC,GRE,77.45,74.21,1.5906,1.2976,0.6828,0.672,0.7155,1
17-Jun,18:00,France,FRA,NGA,86.93,74.89,2.5422,1.5476,0.5791,0.8186,0.9207,1
17-Jun,18:00,Germany,GER,ALG,90.09,63.35,3.2869,1.1178,0.6908,1.1668,0.9836,0
17-Jun,18:00,Greece,GRE,CRC,74.21,77.45,1.2976,1.5906,0.672,0.6828,0.1497,0
17-Jun,18:00,Mexico,MEX,NED,77.57,86.88,1.5338,2.8083,0.6336,0.7476,0.5866,0
17-Jun,18:00,Netherlands,NED,MEX,86.88,77.57,2.8083,1.5338,0.7476,0.6336,0.9566,1
17-Jun,18:00,Nigeria,NGA,FRA,74.89,86.93,1.5476,2.5422,0.8186,0.5791,0.276,0
17-Jun,18:00,Switzerland,SUI,ARG,79.35,89.87,2.0756,2.8242,0.8953,0.4467,0.7962,0
17-Jun,18:00,Uruguay,URU,COL,80.88,87.63,2.1937,2.3896,0.8626,0.4174,0.2162,0
17-Jun,18:00,USA,USA,BEL,78.43,82.09,2.0989,2.1425,0.9785,0.7344,0.6851,0
17-Jun,21:00,Algeria,ALG,GER,63.35,90.09,1.1178,3.2869,1.1668,0.6908,0.1274,1
17-Jun,21:00,Argentina,ARG,SUI,89.87,79.35,2.8242,2.0756,0.4467,0.8953,0.9834,1
17-Jun,21:00,Belgium,BEL,USA,82.09,78.43,2.1425,2.0989,0.7344,0.9785,0.8651,1
17-Jun,21:00,Brazil,BRA,CHI,91.6,86.83,3.3842,2.7238,0.5578,0.7007,0.9966,1
17-Jun,21:00,Chile,CHI,BRA,86.83,91.6,2.7238,3.3842,0.7007,0.5578,0.7802,0
17-Jun,21:00,Colombia,COL,URU,87.63,80.88,2.3896,2.1937,0.4174,0.8626,0.9638,1
17-Jun,21:00,Costa Rica,CRC,GRE,77.45,74.21,1.5906,1.2976,0.6828,0.672,0.7285,1
17-Jun,21:00,France,FRA,NGA,86.93,74.89,2.5422,1.5476,0.5791,0.8186,0.9201,1
17-Jun,21:00,Germany,GER,ALG,90.09,63.35,3.2869,1.1178,0.6908,1.1668,0.9857,0
17-Jun,21:00,Greece,GRE,CRC,74.21,77.45,1.2976,1.5906,0.672,0.6828,0.1445,0
17-Jun,21:00,Mexico,MEX,NED,77.57,86.88,1.5338,2.8083,0.6336,0.7476,0.8015,0
17-Jun,21:00,Netherlands,NED,MEX,86.88,77.57,2.8083,1.5338,0.7476,0.6336,0.9562,1
17-Jun,21:00,Nigeria,NGA,FRA,74.89,86.93,1.5476,2.5422,0.8186,0.5791,0.2727,0
17-Jun,21:00,Switzerland,SUI,ARG,79.35,89.87,2.0756,2.8242,0.8953,0.4467,0.8031,0
17-Jun,21:00,Uruguay,URU,COL,80.88,87.63,2.1937,2.3896,0.8626,0.4174,0.2087,0
17-Jun,21:00,USA,USA,BEL,78.43,82.09,2.0989,2.1425,0.9785,0.7344,0.6818,0
18-Jun,0:00,Algeria,ALG,GER,63.35,90.09,1.1178,3.2869,1.1668,0.6908,0.1464,1
18-Jun,0:00,Argentina,ARG,SUI,89.87,79.35,2.8242,2.0756,0.4467,0.8953,0.9838,1
18-Jun,0:00,Belgium,BEL,USA,82.09,78.43,2.1425,2.0989,0.7344,0.9785,0.8676,1
18-Jun,0:00,Brazil,BRA,CHI,91.6,86.83,3.3842,2.7238,0.5578,0.7007,0.9963,1
18-Jun,0:00,Chile,CHI,BRA,86.83,91.6,2.7238,3.3842,0.7007,0.5578,0.7779,0
18-Jun,0:00,Colombia,COL,URU,87.63,80.88,2.3896,2.1937,0.4174,0.8626,0.9579,1
18-Jun,0:00,Costa Rica,CRC,GRE,77.45,74.21,1.5906,1.2976,0.6828,0.672,0.7152,1
18-Jun,0:00,France,FRA,NGA,86.93,74.89,2.5422,1.5476,0.5791,0.8186,0.9195,1
18-Jun,0:00,Germany,GER,ALG,90.09,63.35,3.2869,1.1178,0.6908,1.1668,0.9847,0
18-Jun,0:00,Greece,GRE,CRC,74.21,77.45,1.2976,1.5906,0.672,0.6828,0.1416,0
18-Jun,0:00,Mexico,MEX,NED,77.57,86.88,1.5338,2.8083,0.6336,0.7476,0.8002,0
18-Jun,0:00,Netherlands,NED,MEX,86.88,77.57,2.8083,1.5338,0.7476,0.6336,0.9604,1
18-Jun,0:00,Nigeria,NGA,FRA,74.89,86.93,1.5476,2.5422,0.8186,0.5791,0.2792,0
18-Jun,0:00,Switzerland,SUI,ARG,79.35,89.87,2.0756,2.8242,0.8953,0.4467,0.8053,0
18-Jun,0:00,Uruguay,URU,COL,80.88,87.63,2.1937,2.3896,0.8626,0.4174,0.2156,0
18-Jun,0:00,USA,USA,BEL,78.43,82.09,2.0989,2.1425,0.9785,0.7344,0.6891,0
18-Jun,10:00,Algeria,ALG,GER,64.31,90.09,1.1809,3.2839,1.1672,0.6908,0.1602,1
18-Jun,10:00,Argentina,ARG,SUI,89.87,79.35,2.8229,2.074,0.4464,0.8956,0.9814,1
18-Jun,10:00,Belgium,BEL,USA,81.76,78.49,2.1436,2.1028,0.762,0.9782,0.8728,1
18-Jun,10:00,Brazil,BRA,CHI,90.87,86.81,3.17,2.7213,0.531,0.703,0.9942,1
18-Jun,10:00,Chile,CHI,BRA,86.81,90.87,2.7213,3.17,0.703,0.531,0.7801,0
18-Jun,10:00,Colombia,COL,URU,87.62,80.88,2.3867,2.193,0.4172,0.8631,0.9627,1
18-Jun,10:00,Costa Rica,CRC,GRE,77.5,74.2,1.5935,1.2966,0.6832,0.6725,0.7306,1
18-Jun,10:00,France,FRA,NGA,86.92,74.94,2.5397,1.5518,0.5798,0.8196,0.9223,1
18-Jun,10:00,Germany,GER,ALG,90.09,64.31,3.2839,1.1809,0.6908,1.1672,0.9804,0
18-Jun,10:00,Greece,GRE,CRC,74.2,77.5,1.2966,1.5935,0.6725,0.6832,0.1418,0
18-Jun,10:00,Mexico,MEX,NED,78.6,86.87,1.4824,2.8048,0.5291,0.7484,0.8111,0
18-Jun,10:00,Netherlands,NED,MEX,86.87,78.6,2.8048,1.4824,0.7484,0.5291,0.9573,1
18-Jun,10:00,Nigeria,NGA,FRA,74.94,86.92,1.5518,2.5397,0.8196,0.5798,0.2742,0
18-Jun,10:00,Switzerland,SUI,ARG,79.35,89.87,2.074,2.8229,0.8956,0.4464,0.8011,0
18-Jun,10:00,Uruguay,URU,COL,80.88,87.62,2.193,2.3867,0.8631,0.4172,0.2101,0
18-Jun,10:00,USA,USA,BEL,78.49,81.76,2.1028,2.1436,0.9782,0.762,0.6876,0
18-Jun,18:00,Algeria,ALG,GER,64.31,90.09,1.1809,3.2839,1.1672,0.6908,0.1528,1
18-Jun,18:00,Argentina,ARG,SUI,89.87,79.35,2.8229,2.074,0.4464,0.8956,0.9828,1
18-Jun,18:00,Belgium,BEL,USA,81.76,78.49,2.1436,2.1028,0.762,0.9782,0.8721,1
18-Jun,18:00,Brazil,BRA,CHI,90.87,86.81,3.17,2.7213,0.531,0.703,0.995,1
18-Jun,18:00,Chile,CHI,BRA,86.81,90.87,2.7213,3.17,0.703,0.531,0.776,0
18-Jun,18:00,Colombia,COL,URU,87.62,80.88,2.3867,2.193,0.4172,0.8631,0.9632,1
18-Jun,18:00,Costa Rica,CRC,GRE,77.5,74.2,1.5935,1.2966,0.6832,0.6725,0.7217,1
18-Jun,18:00,France,FRA,NGA,86.92,74.94,2.5397,1.5518,0.5798,0.8196,0.9212,1
18-Jun,18:00,Germany,GER,ALG,90.09,64.31,3.2839,1.1809,0.6908,1.1672,0.9826,0
18-Jun,18:00,Greece,GRE,CRC,74.2,77.5,1.2966,1.5935,0.6725,0.6832,0.144,0
18-Jun,18:00,Mexico,MEX,NED,78.6,86.87,1.4824,2.8048,0.5291,0.7484,0.814,0
18-Jun,18:00,Netherlands,NED,MEX,86.87,78.6,2.8048,1.4824,0.7484,0.5291,0.9983,1
18-Jun,18:00,Nigeria,NGA,FRA,74.94,86.92,1.5518,2.5397,0.8196,0.5798,0.2682,0
18-Jun,18:00,Switzerland,SUI,ARG,79.35,89.87,2.074,2.8229,0.8956,0.4464,0.8041,0
18-Jun,18:00,Uruguay,URU,COL,80.88,87.62,2.193,2.3867,0.8631,0.4172,0.2101,0
18-Jun,18:00,USA,USA,BEL,78.49,81.76,2.1028,2.1436,0.9782,0.762,0.6783,0
18-Jun,21:00,Algeria,ALG,GER,64.31,90.09,1.1809,3.2839,1.1672,0.6908,0.1589,1
18-Jun,21:00,Argentina,ARG,SUI,89.87,79.35,2.8229,2.074,0.4464,0.8956,0.9825,1
18-Jun,21:00,Belgium,BEL,USA,81.76,78.49,2.1436,2.1028,0.762,0.9782,0.8654,1
18-Jun,21:00,Brazil,BRA,CHI,90.87,86.81,3.17,2.7213,0.531,0.703,0.9948,1
18-Jun,21:00,Chile,CHI,BRA,86.81,90.87,2.7213,3.17,0.703,0.531,1,0
18-Jun,21:00,Colombia,COL,URU,87.62,80.88,2.3867,2.193,0.4172,0.8631,0.9593,1
18-Jun,21:00,Costa Rica,CRC,GRE,77.5,74.2,1.5935,1.2966,0.6832,0.6725,0.7222,1
18-Jun,21:00,France,FRA,NGA,86.92,74.94,2.5397,1.5518,0.5798,0.8196,0.921,1
18-Jun,21:00,Germany,GER,ALG,90.09,64.31,3.2839,1.1809,0.6908,1.1672,0.9822,0
18-Jun,21:00,Greece,GRE,CRC,74.2,77.5,1.2966,1.5935,0.6725,0.6832,0.145,0
18-Jun,21:00,Mexico,MEX,NED,78.6,86.87,1.4824,2.8048,0.5291,0.7484,0.8138,0
18-Jun,21:00,Netherlands,NED,MEX,86.87,78.6,2.8048,1.4824,0.7484,0.5291,1,1
18-Jun,21:00,Nigeria,NGA,FRA,74.94,86.92,1.5518,2.5397,0.8196,0.5798,0.2673,0
18-Jun,21:00,Switzerland,SUI,ARG,79.35,89.87,2.074,2.8229,0.8956,0.4464,0.8065,0
18-Jun,21:00,Uruguay,URU,COL,80.88,87.62,2.193,2.3867,0.8631,0.4172,0.2088,0
18-Jun,21:00,USA,USA,BEL,78.49,81.76,2.1028,2.1436,0.9782,0.762,0.6841,0
19-Jun,0:00,Algeria,ALG,GER,64.31,90.09,1.1809,3.2839,1.1672,0.6908,0.155,1
19-Jun,0:00,Argentina,ARG,SUI,89.87,79.35,2.8229,2.074,0.4464,0.8956,0.9814,1
19-Jun,0:00,Belgium,BEL,USA,81.76,78.49,2.1436,2.1028,0.762,0.9782,0.8679,1
19-Jun,0:00,Brazil,BRA,CHI,90.87,86.81,3.17,2.7213,0.531,0.703,0.9926,1
19-Jun,0:00,Chile,CHI,BRA,86.81,90.87,2.7213,3.17,0.703,0.531,1,0
19-Jun,0:00,Colombia,COL,URU,87.62,80.88,2.3867,2.193,0.4172,0.8631,0.9573,1
19-Jun,0:00,Costa Rica,CRC,GRE,77.5,74.2,1.5935,1.2966,0.6832,0.6725,0.708,1
19-Jun,0:00,France,FRA,NGA,86.92,74.94,2.5397,1.5518,0.5798,0.8196,0.9207,1
19-Jun,0:00,Germany,GER,ALG,90.09,64.31,3.2839,1.1809,0.6908,1.1672,0.9837,0
19-Jun,0:00,Greece,GRE,CRC,74.2,77.5,1.2966,1.5935,0.6725,0.6832,0.1527,0
19-Jun,0:00,Mexico,MEX,NED,78.6,86.87,1.4824,2.8048,0.5291,0.7484,0.6812,0
19-Jun,0:00,Netherlands,NED,MEX,86.87,78.6,2.8048,1.4824,0.7484,0.5291,1,1
19-Jun,0:00,Nigeria,NGA,FRA,74.94,86.92,1.5518,2.5397,0.8196,0.5798,0.2697,0
19-Jun,0:00,Switzerland,SUI,ARG,79.35,89.87,2.074,2.8229,0.8956,0.4464,0.8093,0
19-Jun,0:00,Uruguay,URU,COL,80.88,87.62,2.193,2.3867,0.8631,0.4172,0.2116,0
19-Jun,0:00,USA,USA,BEL,78.49,81.76,2.1028,2.1436,0.9782,0.762,0.68,0
19-Jun,9:30,Algeria,ALG,GER,64.3,89.42,1.1801,3.2403,1.1672,0.7437,0.1551,1
19-Jun,9:30,Argentina,ARG,SUI,89.89,79.54,2.8248,2.0858,0.4457,0.8897,0.982,1
19-Jun,9:30,Belgium,BEL,USA,81.88,78.46,2.1496,2.1014,0.7576,0.9798,0.8752,1
19-Jun,9:30,Brazil,BRA,CHI,91.09,87.82,3.1909,2.7509,0.516,0.6228,0.9942,1
19-Jun,9:30,Chile,CHI,BRA,87.82,91.09,2.7509,3.1909,0.6228,0.516,1,0
19-Jun,9:30,Colombia,COL,URU,87.7,80.9,2.3934,2.1952,0.4145,0.8632,0.9624,1
19-Jun,9:30,Costa Rica,CRC,GRE,77.52,74.26,1.5925,1.2973,0.6815,0.6702,0.7242,1
19-Jun,9:30,France,FRA,NGA,86.9,74.86,2.5366,1.548,0.5805,0.822,0.9207,1
19-Jun,9:30,Germany,GER,ALG,89.42,64.3,3.2403,1.1801,0.7437,1.1672,0.9786,0
19-Jun,9:30,Greece,GRE,CRC,74.26,77.52,1.2973,1.5925,0.6702,0.6815,0.1466,0
19-Jun,9:30,Mexico,MEX,NED,78.41,86.15,1.4717,2.7997,0.5341,0.8136,0.6093,0
19-Jun,9:30,Netherlands,NED,MEX,86.15,78.41,2.7997,1.4717,0.8136,0.5341,1,1
19-Jun,9:30,Nigeria,NGA,FRA,74.86,86.9,1.548,2.5366,0.822,0.5805,0.264,0
19-Jun,9:30,Switzerland,SUI,ARG,79.54,89.89,2.0858,2.8248,0.8897,0.4457,0.8074,0
19-Jun,9:30,Uruguay,URU,COL,80.9,87.7,2.1952,2.3934,0.8632,0.4145,0.2085,0
19-Jun,9:30,USA,USA,BEL,78.46,81.88,2.1014,2.1496,0.9798,0.7576,0.6832,0
19-Jun,18:00,Algeria,ALG,GER,64.3,89.42,1.1801,3.2403,1.1672,0.7437,0.1619,1
19-Jun,18:00,Argentina,ARG,SUI,89.89,79.54,2.8248,2.0858,0.4457,0.8897,0.9824,1
19-Jun,18:00,Belgium,BEL,USA,81.88,78.46,2.1496,2.1014,0.7576,0.9798,0.8652,1
19-Jun,18:00,Brazil,BRA,CHI,91.09,87.82,3.1909,2.7509,0.516,0.6228,0.9943,1
19-Jun,18:00,Chile,CHI,BRA,87.82,91.09,2.7509,3.1909,0.6228,0.516,1,0
19-Jun,18:00,Colombia,COL,URU,87.7,80.9,2.3934,2.1952,0.4145,0.8632,0.9975,1
19-Jun,18:00,Costa Rica,CRC,GRE,77.52,74.26,1.5925,1.2973,0.6815,0.6702,0.7129,1
19-Jun,18:00,France,FRA,NGA,86.9,74.86,2.5366,1.548,0.5805,0.822,0.913,1
19-Jun,18:00,Germany,GER,ALG,89.42,64.3,3.2403,1.1801,0.7437,1.1672,0.9806,0
19-Jun,18:00,Greece,GRE,CRC,74.26,77.52,1.2973,1.5925,0.6702,0.6815,0.1805,0
19-Jun,18:00,Mexico,MEX,NED,78.41,86.15,1.4717,2.7997,0.5341,0.8136,0.6182,0
19-Jun,18:00,Netherlands,NED,MEX,86.15,78.41,2.7997,1.4717,0.8136,0.5341,1,1
19-Jun,18:00,Nigeria,NGA,FRA,74.86,86.9,1.548,2.5366,0.822,0.5805,0.2671,0
19-Jun,18:00,Switzerland,SUI,ARG,79.54,89.89,2.0858,2.8248,0.8897,0.4457,0.8128,0
19-Jun,18:00,Uruguay,URU,COL,80.9,87.7,2.1952,2.3934,0.8632,0.4145,0.2211,0
19-Jun,18:00,USA,USA,BEL,78.46,81.88,2.1014,2.1496,0.9798,0.7576,0.6774,0
19-Jun,21:00,Algeria,ALG,GER,64.3,89.42,1.1801,3.2403,1.1672,0.7437,0.1603,1
19-Jun,21:00,Argentina,ARG,SUI,89.89,79.54,2.8248,2.0858,0.4457,0.8897,0.983,1
19-Jun,21:00,Belgium,BEL,USA,81.88,78.46,2.1496,2.1014,0.7576,0.9798,0.8731,1
19-Jun,21:00,Brazil,BRA,CHI,91.09,87.82,3.1909,2.7509,0.516,0.6228,0.9951,1
19-Jun,21:00,Chile,CHI,BRA,87.82,91.09,2.7509,3.1909,0.6228,0.516,1,0
19-Jun,21:00,Colombia,COL,URU,87.7,80.9,2.3934,2.1952,0.4145,0.8632,0.9981,1
19-Jun,21:00,Costa Rica,CRC,GRE,77.52,74.26,1.5925,1.2973,0.6815,0.6702,0.7749,1
19-Jun,21:00,France,FRA,NGA,86.9,74.86,2.5366,1.548,0.5805,0.822,0.9229,1
19-Jun,21:00,Germany,GER,ALG,89.42,64.3,3.2403,1.1801,0.7437,1.1672,0.978,0
19-Jun,21:00,Greece,GRE,CRC,74.26,77.52,1.2973,1.5925,0.6702,0.6815,0.1774,0
19-Jun,21:00,Mexico,MEX,NED,78.41,86.15,1.4717,2.7997,0.5341,0.8136,0.6194,0
19-Jun,21:00,Netherlands,NED,MEX,86.15,78.41,2.7997,1.4717,0.8136,0.5341,1,1
19-Jun,21:00,Nigeria,NGA,FRA,74.86,86.9,1.548,2.5366,0.822,0.5805,0.2694,0
19-Jun,21:00,Switzerland,SUI,ARG,79.54,89.89,2.0858,2.8248,0.8897,0.4457,0.8071,0
19-Jun,21:00,Uruguay,URU,COL,80.9,87.7,2.1952,2.3934,0.8632,0.4145,0.4494,0
19-Jun,21:00,USA,USA,BEL,78.46,81.88,2.1014,2.1496,0.9798,0.7576,0.6793,0
20-Jun,0:00,Algeria,ALG,GER,64.3,89.42,1.1801,3.2403,1.1672,0.7437,0.1586,1
20-Jun,0:00,Argentina,ARG,SUI,89.89,79.54,2.8248,2.0858,0.4457,0.8897,0.9822,1
20-Jun,0:00,Belgium,BEL,USA,81.88,78.46,2.1496,2.1014,0.7576,0.9798,0.8761,1
20-Jun,0:00,Brazil,BRA,CHI,91.09,87.82,3.1909,2.7509,0.516,0.6228,0.9947,1
20-Jun,0:00,Chile,CHI,BRA,87.82,91.09,2.7509,3.1909,0.6228,0.516,1,0
20-Jun,0:00,Colombia,COL,URU,87.7,80.9,2.3934,2.1952,0.4145,0.8632,1,1
20-Jun,0:00,Costa Rica,CRC,GRE,77.52,74.26,1.5925,1.2973,0.6815,0.6702,0.7823,1
20-Jun,0:00,France,FRA,NGA,86.9,74.86,2.5366,1.548,0.5805,0.822,0.9146,1
20-Jun,0:00,Germany,GER,ALG,89.42,64.3,3.2403,1.1801,0.7437,1.1672,0.9779,0
20-Jun,0:00,Greece,GRE,CRC,74.26,77.52,1.2973,1.5925,0.6702,0.6815,0.2276,0
20-Jun,0:00,Mexico,MEX,NED,78.41,86.15,1.4717,2.7997,0.5341,0.8136,0.6193,0
20-Jun,0:00,Netherlands,NED,MEX,86.15,78.41,2.7997,1.4717,0.8136,0.5341,1,1
20-Jun,0:00,Nigeria,NGA,FRA,74.86,86.9,1.548,2.5366,0.822,0.5805,0.2778,0
20-Jun,0:00,Switzerland,SUI,ARG,79.54,89.89,2.0858,2.8248,0.8897,0.4457,0.8105,0
20-Jun,0:00,Uruguay,URU,COL,80.9,87.7,2.1952,2.3934,0.8632,0.4145,0.4462,0
20-Jun,0:00,USA,USA,BEL,78.46,81.88,2.1014,2.1496,0.9798,0.7576,0.6763,0
20-Jun,9:45,Algeria,ALG,GER,64.25,89.41,1.1759,3.2374,1.1674,0.7435,0.1623,1
20-Jun,9:45,Argentina,ARG,SUI,89.91,79.55,2.8255,2.0841,0.4452,0.8886,0.9818,1
20-Jun,9:45,Belgium,BEL,USA,81.82,78.44,2.1461,2.1002,0.7596,0.9802,0.8648,1
20-Jun,9:45,Brazil,BRA,CHI,91.09,87.77,3.1914,2.7346,0.5169,0.6173,0.9937,1
20-Jun,9:45,Chile,CHI,BRA,87.77,91.09,2.7346,3.1914,0.6173,0.5169,1,0
20-Jun,9:45,Colombia,COL,URU,87.5,81.42,2.4207,2.231,0.4508,0.8484,1,1
20-Jun,9:45,Costa Rica,CRC,GRE,77.52,74.23,1.5984,1.183,0.6861,0.5846,0.7735,1
20-Jun,9:45,France,FRA,NGA,86.89,74.87,2.5361,1.5464,0.5808,0.8209,0.9176,1
20-Jun,9:45,Germany,GER,ALG,89.41,64.25,3.2374,1.1759,0.7435,1.1674,0.9814,0
20-Jun,9:45,Greece,GRE,CRC,74.23,77.52,1.183,1.5984,0.5846,0.6861,0.216,0
20-Jun,9:45,Mexico,MEX,NED,78.38,86.13,1.4687,2.7973,0.5347,0.8149,0.6108,0
20-Jun,9:45,Netherlands,NED,MEX,86.13,78.38,2.7973,1.4687,0.8149,0.5347,1,1
20-Jun,9:45,Nigeria,NGA,FRA,74.87,86.89,1.5464,2.5361,0.8209,0.5808,0.2762,0
20-Jun,9:45,Switzerland,SUI,ARG,79.55,89.91,2.0841,2.8255,0.8886,0.4452,0.8091,0
20-Jun,9:45,Uruguay,URU,COL,81.42,87.5,2.231,2.4207,0.8484,0.4508,0.4555,0
20-Jun,9:45,USA,USA,BEL,78.44,81.82,2.1002,2.1461,0.9802,0.7596,0.679,0
20-Jun,18:00,Algeria,ALG,GER,64.25,89.41,1.1759,3.2374,1.1674,0.7435,0.1543,1
20-Jun,18:00,Argentina,ARG,SUI,89.91,79.55,2.8255,2.0841,0.4452,0.8886,0.9808,1
20-Jun,18:00,Belgium,BEL,USA,81.82,78.44,2.1461,2.1002,0.7596,0.9802,0.8682,1
20-Jun,18:00,Brazil,BRA,CHI,91.09,87.77,3.1914,2.7346,0.5169,0.6173,0.994,1
20-Jun,18:00,Chile,CHI,BRA,87.77,91.09,2.7346,3.1914,0.6173,0.5169,1,0
20-Jun,18:00,Colombia,COL,URU,87.5,81.42,2.4207,2.231,0.4508,0.8484,1,1
20-Jun,18:00,Costa Rica,CRC,GRE,77.52,74.23,1.5984,1.183,0.6861,0.5846,1,1
20-Jun,18:00,France,FRA,NGA,86.89,74.87,2.5361,1.5464,0.5808,0.8209,0.917,1
20-Jun,18:00,Germany,GER,ALG,89.41,64.25,3.2374,1.1759,0.7435,1.1674,0.9797,0
20-Jun,18:00,Greece,GRE,CRC,74.23,77.52,1.183,1.5984,0.5846,0.6861,0.2233,0
20-Jun,18:00,Mexico,MEX,NED,78.38,86.13,1.4687,2.7973,0.5347,0.8149,0.6166,0
20-Jun,18:00,Netherlands,NED,MEX,86.13,78.38,2.7973,1.4687,0.8149,0.5347,1,1
20-Jun,18:00,Nigeria,NGA,FRA,74.87,86.89,1.5464,2.5361,0.8209,0.5808,0.2789,0
20-Jun,18:00,Switzerland,SUI,ARG,79.55,89.91,2.0841,2.8255,0.8886,0.4452,0.8069,0
20-Jun,18:00,Uruguay,URU,COL,81.42,87.5,2.231,2.4207,0.8484,0.4508,0.3916,0
20-Jun,18:00,USA,USA,BEL,78.44,81.82,2.1002,2.1461,0.9802,0.7596,0.6919,0
20-Jun,21:00,Algeria,ALG,GER,64.25,89.41,1.1759,3.2374,1.1674,0.7435,0.1604,1
20-Jun,21:00,Argentina,ARG,SUI,89.91,79.55,2.8255,2.0841,0.4452,0.8886,0.9836,1
20-Jun,21:00,Belgium,BEL,USA,81.82,78.44,2.1461,2.1002,0.7596,0.9802,0.8701,1
20-Jun,21:00,Brazil,BRA,CHI,91.09,87.77,3.1914,2.7346,0.5169,0.6173,0.993,1
20-Jun,21:00,Chile,CHI,BRA,87.77,91.09,2.7346,3.1914,0.6173,0.5169,1,0
20-Jun,21:00,Colombia,COL,URU,87.5,81.42,2.4207,2.231,0.4508,0.8484,1,1
20-Jun,21:00,Costa Rica,CRC,GRE,77.52,74.23,1.5984,1.183,0.6861,0.5846,1,1
20-Jun,21:00,France,FRA,NGA,86.89,74.87,2.5361,1.5464,0.5808,0.8209,0.9999,1
20-Jun,21:00,Germany,GER,ALG,89.41,64.25,3.2374,1.1759,0.7435,1.1674,0.9823,0
20-Jun,21:00,Greece,GRE,CRC,74.23,77.52,1.183,1.5984,0.5846,0.6861,0.2096,0
20-Jun,21:00,Mexico,MEX,NED,78.38,86.13,1.4687,2.7973,0.5347,0.8149,0.6059,0
20-Jun,21:00,Netherlands,NED,MEX,86.13,78.38,2.7973,1.4687,0.8149,0.5347,1,1
20-Jun,21:00,Nigeria,NGA,FRA,74.87,86.89,1.5464,2.5361,0.8209,0.5808,0.268,0
20-Jun,21:00,Switzerland,SUI,ARG,79.55,89.91,2.0841,2.8255,0.8886,0.4452,0.6551,0
20-Jun,21:00,Uruguay,URU,COL,81.42,87.5,2.231,2.4207,0.8484,0.4508,0.3958,0
20-Jun,21:00,USA,USA,BEL,78.44,81.82,2.1002,2.1461,0.9802,0.7596,0.6782,0
21-Jun,0:00,Algeria,ALG,GER,64.25,89.41,1.1759,3.2374,1.1674,0.7435,0.1612,1
21-Jun,0:00,Argentina,ARG,SUI,89.91,79.55,2.8255,2.0841,0.4452,0.8886,0.984,1
21-Jun,0:00,Belgium,BEL,USA,81.82,78.44,2.1461,2.1002,0.7596,0.9802,0.8665,1
21-Jun,0:00,Brazil,BRA,CHI,91.09,87.77,3.1914,2.7346,0.5169,0.6173,0.9954,1
21-Jun,0:00,Chile,CHI,BRA,87.77,91.09,2.7346,3.1914,0.6173,0.5169,1,0
21-Jun,0:00,Colombia,COL,URU,87.5,81.42,2.4207,2.231,0.4508,0.8484,1,1
21-Jun,0:00,Costa Rica,CRC,GRE,77.52,74.23,1.5984,1.183,0.6861,0.5846,1,1
21-Jun,0:00,France,FRA,NGA,86.89,74.87,2.5361,1.5464,0.5808,0.8209,0.9994,1
21-Jun,0:00,Germany,GER,ALG,89.41,64.25,3.2374,1.1759,0.7435,1.1674,0.9785,0
21-Jun,0:00,Greece,GRE,CRC,74.23,77.52,1.183,1.5984,0.5846,0.6861,0.2093,0
21-Jun,0:00,Mexico,MEX,NED,78.38,86.13,1.4687,2.7973,0.5347,0.8149,0.609,0
21-Jun,0:00,Netherlands,NED,MEX,86.13,78.38,2.7973,1.4687,0.8149,0.5347,1,1
21-Jun,0:00,Nigeria,NGA,FRA,74.87,86.89,1.5464,2.5361,0.8209,0.5808,0.2707,0
21-Jun,0:00,Switzerland,SUI,ARG,79.55,89.91,2.0841,2.8255,0.8886,0.4452,0.6007,0
21-Jun,0:00,Uruguay,URU,COL,81.42,87.5,2.231,2.4207,0.8484,0.4508,0.3976,0
21-Jun,0:00,USA,USA,BEL,78.44,81.82,2.1002,2.1461,0.9802,0.7596,0.6794,0
21-Jun,9:30,Algeria,ALG,GER,64.22,89.38,1.1757,3.237,1.1682,0.745,0.1582,1
21-Jun,9:30,Argentina,ARG,SUI,89.92,78.27,2.8288,2.1691,0.4448,1.0401,0.9824,1
21-Jun,9:30,Belgium,BEL,USA,81.82,78.54,2.1451,2.1097,0.7583,0.9792,0.8666,1
21-Jun,9:30,Brazil,BRA,CHI,91.07,87.79,3.1874,2.7379,0.5156,0.6167,0.9929,1
21-Jun,9:30,Chile,CHI,BRA,87.79,91.07,2.7379,3.1874,0.6167,0.5156,1,0
21-Jun,9:30,Colombia,COL,URU,87.51,81.49,2.4223,2.2386,0.4507,0.8471,1,1
21-Jun,9:30,Costa Rica,CRC,GRE,78.55,74.21,1.5911,1.1796,0.6107,0.5825,1,1
21-Jun,9:30,France,FRA,NGA,87.82,74.86,2.7485,1.5469,0.62,0.8212,0.9999,1
21-Jun,9:30,Germany,GER,ALG,89.38,64.22,3.237,1.1757,0.745,1.1682,0.9789,0
21-Jun,9:30,Greece,GRE,CRC,74.21,78.55,1.1796,1.5911,0.5825,0.6107,0.2173,0
21-Jun,9:30,Mexico,MEX,NED,78.45,86.18,1.4757,2.7976,0.534,0.8089,0.6141,0
21-Jun,9:30,Netherlands,NED,MEX,86.18,78.45,2.7976,1.4757,0.8089,0.534,1,1
21-Jun,9:30,Nigeria,NGA,FRA,74.86,87.82,1.5469,2.7485,0.8212,0.62,0.2647,0
21-Jun,9:30,Switzerland,SUI,ARG,78.27,89.92,2.1691,2.8288,1.0401,0.4448,0.613,0
21-Jun,9:30,Uruguay,URU,COL,81.49,87.51,2.2386,2.4223,0.8471,0.4507,0.4135,0
21-Jun,9:30,USA,USA,BEL,78.54,81.82,2.1097,2.1451,0.9792,0.7583,0.6872,0
21-Jun,18:00,Algeria,ALG,GER,64.22,89.38,1.1757,3.237,1.1682,0.745,0.1512,1
21-Jun,18:00,Argentina,ARG,SUI,89.92,78.27,2.8288,2.1691,0.4448,1.0401,1,1
21-Jun,18:00,Belgium,BEL,USA,81.82,78.54,2.1451,2.1097,0.7583,0.9792,0.8706,1
21-Jun,18:00,Brazil,BRA,CHI,91.07,87.79,3.1874,2.7379,0.5156,0.6167,0.9928,1
21-Jun,18:00,Chile,CHI,BRA,87.79,91.07,2.7379,3.1874,0.6167,0.5156,1,0
21-Jun,18:00,Colombia,COL,URU,87.51,81.49,2.4223,2.2386,0.4507,0.8471,1,1
21-Jun,18:00,Costa Rica,CRC,GRE,78.55,74.21,1.5911,1.1796,0.6107,0.5825,1,1
21-Jun,18:00,France,FRA,NGA,87.82,74.86,2.7485,1.5469,0.62,0.8212,1,1
21-Jun,18:00,Germany,GER,ALG,89.38,64.22,3.237,1.1757,0.745,1.1682,0.9804,0
21-Jun,18:00,Greece,GRE,CRC,74.21,78.55,1.1796,1.5911,0.5825,0.6107,0.2179,0
21-Jun,18:00,Mexico,MEX,NED,78.45,86.18,1.4757,2.7976,0.534,0.8089,0.6138,0
21-Jun,18:00,Netherlands,NED,MEX,86.18,78.45,2.7976,1.4757,0.8089,0.534,1,1
21-Jun,18:00,Nigeria,NGA,FRA,74.86,87.82,1.5469,2.7485,0.8212,0.62,0.2669,0
21-Jun,18:00,Switzerland,SUI,ARG,78.27,89.92,2.1691,2.8288,1.0401,0.4448,0.6109,0
21-Jun,18:00,Uruguay,URU,COL,81.49,87.51,2.2386,2.4223,0.8471,0.4507,0.4127,0
21-Jun,18:00,USA,USA,BEL,78.54,81.82,2.1097,2.1451,0.9792,0.7583,0.6861,0
21-Jun,21:00,Algeria,ALG,GER,64.22,89.38,1.1757,3.237,1.1682,0.745,0.1638,1
21-Jun,21:00,Argentina,ARG,SUI,89.92,78.27,2.8288,2.1691,0.4448,1.0401,1,1
21-Jun,21:00,Belgium,BEL,USA,81.82,78.54,2.1451,2.1097,0.7583,0.9792,0.8727,1
21-Jun,21:00,Brazil,BRA,CHI,91.07,87.79,3.1874,2.7379,0.5156,0.6167,0.9944,1
21-Jun,21:00,Chile,CHI,BRA,87.79,91.07,2.7379,3.1874,0.6167,0.5156,1,0
21-Jun,21:00,Colombia,COL,URU,87.51,81.49,2.4223,2.2386,0.4507,0.8471,1,1
21-Jun,21:00,Costa Rica,CRC,GRE,78.55,74.21,1.5911,1.1796,0.6107,0.5825,1,1
21-Jun,21:00,France,FRA,NGA,87.82,74.86,2.7485,1.5469,0.62,0.8212,0.9999,1
21-Jun,21:00,Germany,GER,ALG,89.38,64.22,3.237,1.1757,0.745,1.1682,0.9765,0
21-Jun,21:00,Greece,GRE,CRC,74.21,78.55,1.1796,1.5911,0.5825,0.6107,0.2127,0
21-Jun,21:00,Mexico,MEX,NED,78.45,86.18,1.4757,2.7976,0.534,0.8089,0.6119,0
21-Jun,21:00,Netherlands,NED,MEX,86.18,78.45,2.7976,1.4757,0.8089,0.534,1,1
21-Jun,21:00,Nigeria,NGA,FRA,74.86,87.82,1.5469,2.7485,0.8212,0.62,0.2827,0
21-Jun,21:00,Switzerland,SUI,ARG,78.27,89.92,2.1691,2.8288,1.0401,0.4448,0.6043,0
21-Jun,21:00,Uruguay,URU,COL,81.49,87.51,2.2386,2.4223,0.8471,0.4507,0.4211,0
21-Jun,21:00,USA,USA,BEL,78.54,81.82,2.1097,2.1451,0.9792,0.7583,0.6367,0
22-Jun,0:00,Algeria,ALG,GER,64.22,89.38,1.1757,3.237,1.1682,0.745,0.1601,1
22-Jun,0:00,Argentina,ARG,SUI,89.92,78.27,2.8288,2.1691,0.4448,1.0401,1,1
22-Jun,0:00,Belgium,BEL,USA,81.82,78.54,2.1451,2.1097,0.7583,0.9792,0.87,1
22-Jun,0:00,Brazil,BRA,CHI,91.07,87.79,3.1874,2.7379,0.5156,0.6167,0.9938,1
22-Jun,0:00,Chile,CHI,BRA,87.79,91.07,2.7379,3.1874,0.6167,0.5156,1,0
22-Jun,0:00,Colombia,COL,URU,87.51,81.49,2.4223,2.2386,0.4507,0.8471,1,1
22-Jun,0:00,Costa Rica,CRC,GRE,78.55,74.21,1.5911,1.1796,0.6107,0.5825,1,1
22-Jun,0:00,France,FRA,NGA,87.82,74.86,2.7485,1.5469,0.62,0.8212,0.9998,1
22-Jun,0:00,Germany,GER,ALG,89.38,64.22,3.237,1.1757,0.745,1.1682,0.9804,0
22-Jun,0:00,Greece,GRE,CRC,74.21,78.55,1.1796,1.5911,0.5825,0.6107,0.2165,0
22-Jun,0:00,Mexico,MEX,NED,78.45,86.18,1.4757,2.7976,0.534,0.8089,0.6114,0
22-Jun,0:00,Netherlands,NED,MEX,86.18,78.45,2.7976,1.4757,0.8089,0.534,1,1
22-Jun,0:00,Nigeria,NGA,FRA,74.86,87.82,1.5469,2.7485,0.8212,0.62,0.8761,0
22-Jun,0:00,Switzerland,SUI,ARG,78.27,89.92,2.1691,2.8288,1.0401,0.4448,0.6052,0
22-Jun,0:00,Uruguay,URU,COL,81.49,87.51,2.2386,2.4223,0.8471,0.4507,0.4148,0
22-Jun,0:00,USA,USA,BEL,78.54,81.82,2.1097,2.1451,0.9792,0.7583,0.6331,0
22-Jun,9:30,Algeria,ALG,GER,64.24,88.69,1.1759,3.1804,1.1673,0.7879,0.16,1
22-Jun,9:30,Argentina,ARG,SUI,89.66,78.26,2.7413,2.1701,0.4218,1.0416,1,1
22-Jun,9:30,Belgium,BEL,USA,81.79,78.67,2.1428,2.1221,0.759,0.9784,0.8678,1
22-Jun,9:30,Brazil,BRA,CHI,91.07,87.77,3.186,2.7354,0.5158,0.6178,0.9927,1
22-Jun,9:30,Chile,CHI,BRA,87.77,91.07,2.7354,3.186,0.6178,0.5158,1,0
22-Jun,9:30,Colombia,COL,URU,87.48,81.49,2.4192,2.2409,0.4511,0.8485,1,1
22-Jun,9:30,Costa Rica,CRC,GRE,78.52,74.14,1.5889,1.1789,0.6109,0.5861,1,1
22-Jun,9:30,France,FRA,NGA,87.81,76.01,2.7464,1.5294,0.6204,0.7335,1,1
22-Jun,9:30,Germany,GER,ALG,88.69,64.24,3.1804,1.1759,0.7879,1.1673,0.977,0
22-Jun,9:30,Greece,GRE,CRC,74.14,78.52,1.1789,1.5889,0.5861,0.6109,0.2097,0
22-Jun,9:30,Mexico,MEX,NED,78.43,86.19,1.4776,2.7961,0.5368,0.8076,0.617,0
22-Jun,9:30,Netherlands,NED,MEX,86.19,78.43,2.7961,1.4776,0.8076,0.5368,1,1
22-Jun,9:30,Nigeria,NGA,FRA,76.01,87.81,1.5294,2.7464,0.7335,0.6204,0.8776,0
22-Jun,9:30,Switzerland,SUI,ARG,78.26,89.66,2.1701,2.7413,1.0416,0.4218,0.6069,0
22-Jun,9:30,Uruguay,URU,COL,81.49,87.48,2.2409,2.4192,0.8485,0.4511,0.4044,0
22-Jun,9:30,USA,USA,BEL,78.67,81.79,2.1221,2.1428,0.9784,0.759,0.6475,0
22-Jun,18:00,Algeria,ALG,GER,64.24,88.69,1.1759,3.1804,1.1673,0.7879,0.1874,1
22-Jun,18:00,Argentina,ARG,SUI,89.66,78.26,2.7413,2.1701,0.4218,1.0416,1,1
22-Jun,18:00,Belgium,BEL,USA,81.79,78.67,2.1428,2.1221,0.759,0.9784,1,1
22-Jun,18:00,Brazil,BRA,CHI,91.07,87.77,3.186,2.7354,0.5158,0.6178,0.9939,1
22-Jun,18:00,Chile,CHI,BRA,87.77,91.07,2.7354,3.186,0.6178,0.5158,1,0
22-Jun,18:00,Colombia,COL,URU,87.48,81.49,2.4192,2.2409,0.4511,0.8485,1,1
22-Jun,18:00,Costa Rica,CRC,GRE,78.52,74.14,1.5889,1.1789,0.6109,0.5861,1,1
22-Jun,18:00,France,FRA,NGA,87.81,76.01,2.7464,1.5294,0.6204,0.7335,0.9998,1
22-Jun,18:00,Germany,GER,ALG,88.69,64.24,3.1804,1.1759,0.7879,1.1673,0.9782,0
22-Jun,18:00,Greece,GRE,CRC,74.14,78.52,1.1789,1.5889,0.5861,0.6109,0.2202,0
22-Jun,18:00,Mexico,MEX,NED,78.43,86.19,1.4776,2.7961,0.5368,0.8076,0.6112,0
22-Jun,18:00,Netherlands,NED,MEX,86.19,78.43,2.7961,1.4776,0.8076,0.5368,1,1
22-Jun,18:00,Nigeria,NGA,FRA,76.01,87.81,1.5294,2.7464,0.7335,0.6204,0.8739,0
22-Jun,18:00,Switzerland,SUI,ARG,78.26,89.66,2.1701,2.7413,1.0416,0.4218,0.61,0
22-Jun,18:00,Uruguay,URU,COL,81.49,87.48,2.2409,2.4192,0.8485,0.4511,0.4165,0
22-Jun,18:00,USA,USA,BEL,78.67,81.79,2.1221,2.1428,0.9784,0.759,0.6406,0
22-Jun,21:00,Algeria,ALG,GER,64.24,88.69,1.1759,3.1804,1.1673,0.7879,0.464,1
22-Jun,21:00,Argentina,ARG,SUI,89.66,78.26,2.7413,2.1701,0.4218,1.0416,1,1
22-Jun,21:00,Belgium,BEL,USA,81.79,78.67,2.1428,2.1221,0.759,0.9784,1,1
22-Jun,21:00,Brazil,BRA,CHI,91.07,87.77,3.186,2.7354,0.5158,0.6178,0.9942,1
22-Jun,21:00,Chile,CHI,BRA,87.77,91.07,2.7354,3.186,0.6178,0.5158,1,0
22-Jun,21:00,Colombia,COL,URU,87.48,81.49,2.4192,2.2409,0.4511,0.8485,1,1
22-Jun,21:00,Costa Rica,CRC,GRE,78.52,74.14,1.5889,1.1789,0.6109,0.5861,1,1
22-Jun,21:00,France,FRA,NGA,87.81,76.01,2.7464,1.5294,0.6204,0.7335,0.9999,1
22-Jun,21:00,Germany,GER,ALG,88.69,64.24,3.1804,1.1759,0.7879,1.1673,0.9781,0
22-Jun,21:00,Greece,GRE,CRC,74.14,78.52,1.1789,1.5889,0.5861,0.6109,0.2137,0
22-Jun,21:00,Mexico,MEX,NED,78.43,86.19,1.4776,2.7961,0.5368,0.8076,0.6128,0
22-Jun,21:00,Netherlands,NED,MEX,86.19,78.43,2.7961,1.4776,0.8076,0.5368,1,1
22-Jun,21:00,Nigeria,NGA,FRA,76.01,87.81,1.5294,2.7464,0.7335,0.6204,0.8718,0
22-Jun,21:00,Switzerland,SUI,ARG,78.26,89.66,2.1701,2.7413,1.0416,0.4218,0.6017,0
22-Jun,21:00,Uruguay,URU,COL,81.49,87.48,2.2409,2.4192,0.8485,0.4511,0.4061,0
22-Jun,21:00,USA,USA,BEL,78.67,81.79,2.1221,2.1428,0.9784,0.759,0.6389,0
23-Jun,0:00,Algeria,ALG,GER,64.24,88.69,1.1759,3.1804,1.1673,0.7879,0.4605,1
23-Jun,0:00,Argentina,ARG,SUI,89.66,78.26,2.7413,2.1701,0.4218,1.0416,1,1
23-Jun,0:00,Belgium,BEL,USA,81.79,78.67,2.1428,2.1221,0.759,0.9784,1,1
23-Jun,0:00,Brazil,BRA,CHI,91.07,87.77,3.186,2.7354,0.5158,0.6178,0.995,1
23-Jun,0:00,Chile,CHI,BRA,87.77,91.07,2.7354,3.186,0.6178,0.5158,1,0
23-Jun,0:00,Colombia,COL,URU,87.48,81.49,2.4192,2.2409,0.4511,0.8485,1,1
23-Jun,0:00,Costa Rica,CRC,GRE,78.52,74.14,1.5889,1.1789,0.6109,0.5861,1,1
23-Jun,0:00,France,FRA,NGA,87.81,76.01,2.7464,1.5294,0.6204,0.7335,0.9999,1
23-Jun,0:00,Germany,GER,ALG,88.69,64.24,3.1804,1.1759,0.7879,1.1673,0.9971,0
23-Jun,0:00,Greece,GRE,CRC,74.14,78.52,1.1789,1.5889,0.5861,0.6109,0.2069,0
23-Jun,0:00,Mexico,MEX,NED,78.43,86.19,1.4776,2.7961,0.5368,0.8076,0.6141,0
23-Jun,0:00,Netherlands,NED,MEX,86.19,78.43,2.7961,1.4776,0.8076,0.5368,1,1
23-Jun,0:00,Nigeria,NGA,FRA,76.01,87.81,1.5294,2.7464,0.7335,0.6204,0.8721,0
23-Jun,0:00,Switzerland,SUI,ARG,78.26,89.66,2.1701,2.7413,1.0416,0.4218,0.599,0
23-Jun,0:00,Uruguay,URU,COL,81.49,87.48,2.2409,2.4192,0.8485,0.4511,0.415,0
23-Jun,0:00,USA,USA,BEL,78.67,81.79,2.1221,2.1428,0.9784,0.759,0.7577,0
23-Jun,9:45,Algeria,ALG,GER,74.28,88.74,2.0432,3.1773,1.2319,0.7828,0.6334,1
23-Jun,9:45,Argentina,ARG,SUI,89.64,78.16,2.7388,2.1622,0.425,1.0454,1,1
23-Jun,9:45,Belgium,BEL,USA,83.29,78.74,2.1563,2.1609,0.6524,1.0022,1,1
23-Jun,9:45,Brazil,BRA,CHI,91.1,87.76,3.1656,2.7339,0.5023,0.6197,0.9933,1
23-Jun,9:45,Chile,CHI,BRA,87.76,91.1,2.7339,3.1656,0.6197,0.5023,1,0
23-Jun,9:45,Colombia,COL,URU,87.41,81.47,2.4118,2.2401,0.4555,0.8513,1,1
23-Jun,9:45,Costa Rica,CRC,GRE,78.47,72.85,1.5821,1.1093,0.6114,0.6108,1,1
23-Jun,9:45,France,FRA,NGA,87.8,76.09,2.7457,1.5318,0.6228,0.732,0.9999,1
23-Jun,9:45,Germany,GER,ALG,88.74,74.28,3.1773,2.0432,0.7828,1.2319,0.9972,0
23-Jun,9:45,Greece,GRE,CRC,72.85,78.47,1.1093,1.5821,0.6108,0.6114,0.1949,0
23-Jun,9:45,Mexico,MEX,NED,78.39,86.2,1.4714,2.7928,0.5366,0.8062,0.6102,0
23-Jun,9:45,Netherlands,NED,MEX,86.2,78.39,2.7928,1.4714,0.8062,0.5366,1,1
23-Jun,9:45,Nigeria,NGA,FRA,76.09,87.8,1.5318,2.7457,0.732,0.6228,0.8715,0
23-Jun,9:45,Switzerland,SUI,ARG,78.16,89.64,2.1622,2.7388,1.0454,0.425,0.6088,0
23-Jun,9:45,Uruguay,URU,COL,81.47,87.41,2.2401,2.4118,0.8513,0.4555,0.4227,0
23-Jun,9:45,USA,USA,BEL,78.74,83.29,2.1609,2.1563,1.0022,0.6524,0.7566,0
23-Jun,18:00,Algeria,ALG,GER,74.28,88.74,2.0432,3.1773,1.2319,0.7828,0.6347,1
23-Jun,18:00,Argentina,ARG,SUI,89.64,78.16,2.7388,2.1622,0.425,1.0454,1,1
23-Jun,18:00,Belgium,BEL,USA,83.29,78.74,2.1563,2.1609,0.6524,1.0022,1,1
23-Jun,18:00,Brazil,BRA,CHI,91.1,87.76,3.1656,2.7339,0.5023,0.6197,0.9949,1
23-Jun,18:00,Chile,CHI,BRA,87.76,91.1,2.7339,3.1656,0.6197,0.5023,1,0
23-Jun,18:00,Colombia,COL,URU,87.41,81.47,2.4118,2.2401,0.4555,0.8513,1,1
23-Jun,18:00,Costa Rica,CRC,GRE,78.47,72.85,1.5821,1.1093,0.6114,0.6108,1,1
23-Jun,18:00,France,FRA,NGA,87.8,76.09,2.7457,1.5318,0.6228,0.732,0.9998,1
23-Jun,18:00,Germany,GER,ALG,88.74,74.28,3.1773,2.0432,0.7828,1.2319,0.9971,0
23-Jun,18:00,Greece,GRE,CRC,72.85,78.47,1.1093,1.5821,0.6108,0.6114,0.2004,0
23-Jun,18:00,Mexico,MEX,NED,78.39,86.2,1.4714,2.7928,0.5366,0.8062,0.6132,0
23-Jun,18:00,Netherlands,NED,MEX,86.2,78.39,2.7928,1.4714,0.8062,0.5366,1,1
23-Jun,18:00,Nigeria,NGA,FRA,76.09,87.8,1.5318,2.7457,0.732,0.6228,0.8789,0
23-Jun,18:00,Switzerland,SUI,ARG,78.16,89.64,2.1622,2.7388,1.0454,0.425,0.6033,0
23-Jun,18:00,Uruguay,URU,COL,81.47,87.41,2.2401,2.4118,0.8513,0.4555,0.4043,0
23-Jun,18:00,USA,USA,BEL,78.74,83.29,2.1609,2.1563,1.0022,0.6524,0.7549,0
23-Jun,22:00,Algeria,ALG,GER,74.28,88.74,2.0432,3.1773,1.2319,0.7828,0.6377,1
23-Jun,22:00,Argentina,ARG,SUI,89.64,78.16,2.7388,2.1622,0.425,1.0454,1,1
23-Jun,22:00,Belgium,BEL,USA,83.29,78.74,2.1563,2.1609,0.6524,1.0022,1,1
23-Jun,22:00,Brazil,BRA,CHI,91.1,87.76,3.1656,2.7339,0.5023,0.6197,1,1
23-Jun,22:00,Chile,CHI,BRA,87.76,91.1,2.7339,3.1656,0.6197,0.5023,1,0
23-Jun,22:00,Colombia,COL,URU,87.41,81.47,2.4118,2.2401,0.4555,0.8513,1,1
23-Jun,22:00,Costa Rica,CRC,GRE,78.47,72.85,1.5821,1.1093,0.6114,0.6108,1,1
23-Jun,22:00,France,FRA,NGA,87.8,76.09,2.7457,1.5318,0.6228,0.732,0.9999,1
23-Jun,22:00,Germany,GER,ALG,88.74,74.28,3.1773,2.0432,0.7828,1.2319,0.9972,0
23-Jun,22:00,Greece,GRE,CRC,72.85,78.47,1.1093,1.5821,0.6108,0.6114,0.1934,0
23-Jun,22:00,Mexico,MEX,NED,78.39,86.2,1.4714,2.7928,0.5366,0.8062,1,0
23-Jun,22:00,Netherlands,NED,MEX,86.2,78.39,2.7928,1.4714,0.8062,0.5366,1,1
23-Jun,22:00,Nigeria,NGA,FRA,76.09,87.8,1.5318,2.7457,0.732,0.6228,0.8752,0
23-Jun,22:00,Switzerland,SUI,ARG,78.16,89.64,2.1622,2.7388,1.0454,0.425,0.6086,0
23-Jun,22:00,Uruguay,URU,COL,81.47,87.41,2.2401,2.4118,0.8513,0.4555,0.4104,0
23-Jun,22:00,USA,USA,BEL,78.74,83.29,2.1609,2.1563,1.0022,0.6524,0.747,0
24-Jun,1:00,Algeria,ALG,GER,74.33,88.63,2.0422,3.1647,1.2336,0.7912,0.6401,1
24-Jun,1:00,Argentina,ARG,SUI,89.63,78.08,2.7355,2.1497,0.4271,1.0474,1,1
24-Jun,1:00,Belgium,BEL,USA,83.24,78.85,2.148,2.1611,0.6549,0.9996,1,1
24-Jun,1:00,Brazil,BRA,CHI,91.3,86.51,3.2355,2.5638,0.5203,0.6397,1,1
24-Jun,1:00,Chile,CHI,BRA,86.51,91.3,2.5638,3.2355,0.6397,0.5203,1,0
24-Jun,1:00,Colombia,COL,URU,87.38,81.49,2.4055,2.2369,0.4584,0.8522,1,1
24-Jun,1:00,Costa Rica,CRC,GRE,78.53,72.83,1.5816,1.1075,0.6108,0.6136,1,1
24-Jun,1:00,France,FRA,NGA,87.82,76.19,2.7444,1.5304,0.6244,0.7288,0.9998,1
24-Jun,1:00,Germany,GER,ALG,88.63,74.33,3.1647,2.0422,0.7912,1.2336,0.9971,0
24-Jun,1:00,Greece,GRE,CRC,72.83,78.53,1.1075,1.5816,0.6136,0.6108,0.1981,0
24-Jun,1:00,Mexico,MEX,NED,80.23,87.42,1.6356,2.812,0.5319,0.7052,1,0
24-Jun,1:00,Netherlands,NED,MEX,87.42,80.23,2.812,1.6356,0.7052,0.5319,1,1
24-Jun,1:00,Nigeria,NGA,FRA,76.19,87.82,1.5304,2.7444,0.7288,0.6244,0.8763,0
24-Jun,1:00,Switzerland,SUI,ARG,78.08,89.63,2.1497,2.7355,1.0474,0.4271,0.6068,0
24-Jun,1:00,Uruguay,URU,COL,81.49,87.38,2.2369,2.4055,0.8522,0.4584,0.4224,0
24-Jun,1:00,USA,USA,BEL,78.85,83.24,2.1611,2.148,0.9996,0.6549,0.7572,0
24-Jun,18:00,Algeria,ALG,GER,74.33,88.63,2.0422,3.1647,1.2336,0.7912,0.6351,1
24-Jun,18:00,Argentina,ARG,SUI,89.63,78.08,2.7355,2.1497,0.4271,1.0474,1,1
24-Jun,18:00,Belgium,BEL,USA,83.24,78.85,2.148,2.1611,0.6549,0.9996,1,1
24-Jun,18:00,Brazil,BRA,CHI,91.3,86.51,3.2355,2.5638,0.5203,0.6397,1,1
24-Jun,18:00,Chile,CHI,BRA,86.51,91.3,2.5638,3.2355,0.6397,0.5203,1,0
24-Jun,18:00,Colombia,COL,URU,87.38,81.49,2.4055,2.2369,0.4584,0.8522,1,1
24-Jun,18:00,Costa Rica,CRC,GRE,78.53,72.83,1.5816,1.1075,0.6108,0.6136,1,1
24-Jun,18:00,France,FRA,NGA,87.82,76.19,2.7444,1.5304,0.6244,0.7288,1,1
24-Jun,18:00,Germany,GER,ALG,88.63,74.33,3.1647,2.0422,0.7912,1.2336,0.9973,0
24-Jun,18:00,Greece,GRE,CRC,72.83,78.53,1.1075,1.5816,0.6136,0.6108,0.1951,0
24-Jun,18:00,Mexico,MEX,NED,80.23,87.42,1.6356,2.812,0.5319,0.7052,1,0
24-Jun,18:00,Netherlands,NED,MEX,87.42,80.23,2.812,1.6356,0.7052,0.5319,1,1
24-Jun,18:00,Nigeria,NGA,FRA,76.19,87.82,1.5304,2.7444,0.7288,0.6244,0.874,0
24-Jun,18:00,Switzerland,SUI,ARG,78.08,89.63,2.1497,2.7355,1.0474,0.4271,0.603,0
24-Jun,18:00,Uruguay,URU,COL,81.49,87.38,2.2369,2.4055,0.8522,0.4584,1,0
24-Jun,18:00,USA,USA,BEL,78.85,83.24,2.1611,2.148,0.9996,0.6549,0.7668,0
25-Jun,9:30,Algeria,ALG,GER,74.32,88.62,2.0416,3.1686,1.2344,0.7927,0.6224,1
25-Jun,9:30,Argentina,ARG,SUI,89.65,78.11,2.7396,2.1503,0.4256,1.0465,1,1
25-Jun,9:30,Belgium,BEL,USA,83.12,78.85,2.134,2.1632,0.6552,1.0015,1,1
25-Jun,9:30,Brazil,BRA,CHI,91.27,86.6,3.2346,2.5703,0.521,0.6345,1,1
25-Jun,9:30,Chile,CHI,BRA,86.6,91.27,2.5703,3.2346,0.6345,0.521,1,0
25-Jun,9:30,Colombia,COL,URU,88.18,82.21,2.5068,2.209,0.4405,0.7769,1,1
25-Jun,9:30,Costa Rica,CRC,GRE,78.59,74.37,1.5038,1.1835,0.5506,0.5811,1,1
25-Jun,9:30,France,FRA,NGA,87.8,76.16,2.744,1.5231,0.6238,0.7259,0.9998,1
25-Jun,9:30,Germany,GER,ALG,88.62,74.32,3.1686,2.0416,0.7927,1.2344,0.997,0
25-Jun,9:30,Greece,GRE,CRC,74.37,78.59,1.1835,1.5038,0.5811,0.5506,1,0
25-Jun,9:30,Mexico,MEX,NED,80.16,87.4,1.6322,2.8013,0.534,0.6993,1,0
25-Jun,9:30,Netherlands,NED,MEX,87.4,80.16,2.8013,1.6322,0.6993,0.534,1,1
25-Jun,9:30,Nigeria,NGA,FRA,76.16,87.8,1.5231,2.744,0.7259,0.6238,0.8772,0
25-Jun,9:30,Switzerland,SUI,ARG,78.11,89.65,2.1503,2.7396,1.0465,0.4256,0.5963,0
25-Jun,9:30,Uruguay,URU,COL,82.21,88.18,2.209,2.5068,0.7769,0.4405,1,0
25-Jun,9:30,USA,USA,BEL,78.85,83.12,2.1632,2.134,1.0015,0.6552,0.7573,0
25-Jun,18:00,Algeria,ALG,GER,74.32,88.62,2.0416,3.1686,1.2344,0.7927,0.6281,1
25-Jun,18:00,Argentina,ARG,SUI,89.65,78.11,2.7396,2.1503,0.4256,1.0465,1,1
25-Jun,18:00,Belgium,BEL,USA,83.12,78.85,2.134,2.1632,0.6552,1.0015,1,1
25-Jun,18:00,Brazil,BRA,CHI,91.27,86.6,3.2346,2.5703,0.521,0.6345,1,1
25-Jun,18:00,Chile,CHI,BRA,86.6,91.27,2.5703,3.2346,0.6345,0.521,1,0
25-Jun,18:00,Colombia,COL,URU,88.18,82.21,2.5068,2.209,0.4405,0.7769,1,1
25-Jun,18:00,Costa Rica,CRC,GRE,78.59,74.37,1.5038,1.1835,0.5506,0.5811,1,1
25-Jun,18:00,France,FRA,NGA,87.8,76.16,2.744,1.5231,0.6238,0.7259,0.9996,1
25-Jun,18:00,Germany,GER,ALG,88.62,74.32,3.1686,2.0416,0.7927,1.2344,0.9972,0
25-Jun,18:00,Greece,GRE,CRC,74.37,78.59,1.1835,1.5038,0.5811,0.5506,1,0
25-Jun,18:00,Mexico,MEX,NED,80.16,87.4,1.6322,2.8013,0.534,0.6993,1,0
25-Jun,18:00,Netherlands,NED,MEX,87.4,80.16,2.8013,1.6322,0.6993,0.534,1,1
25-Jun,18:00,Nigeria,NGA,FRA,76.16,87.8,1.5231,2.744,0.7259,0.6238,1,0
25-Jun,18:00,Switzerland,SUI,ARG,78.11,89.65,2.1503,2.7396,1.0465,0.4256,0.5973,0
25-Jun,18:00,Uruguay,URU,COL,82.21,88.18,2.209,2.5068,0.7769,0.4405,1,0
25-Jun,18:00,USA,USA,BEL,78.85,83.12,2.1632,2.134,1.0015,0.6552,0.755,0
25-Jun,22:00,Algeria,ALG,GER,74.32,88.62,2.0416,3.1686,1.2344,0.7927,0.6362,1
25-Jun,22:00,Argentina,ARG,SUI,89.65,78.11,2.7396,2.1503,0.4256,1.0465,1,1
25-Jun,22:00,Belgium,BEL,USA,83.12,78.85,2.134,2.1632,0.6552,1.0015,1,1
25-Jun,22:00,Brazil,BRA,CHI,91.27,86.6,3.2346,2.5703,0.521,0.6345,1,1
25-Jun,22:00,Chile,CHI,BRA,86.6,91.27,2.5703,3.2346,0.6345,0.521,1,0
25-Jun,22:00,Colombia,COL,URU,88.18,82.21,2.5068,2.209,0.4405,0.7769,1,1
25-Jun,22:00,Costa Rica,CRC,GRE,78.59,74.37,1.5038,1.1835,0.5506,0.5811,1,1
25-Jun,22:00,France,FRA,NGA,87.8,76.16,2.744,1.5231,0.6238,0.7259,1,1
25-Jun,22:00,Germany,GER,ALG,88.62,74.32,3.1686,2.0416,0.7927,1.2344,0.9973,0
25-Jun,22:00,Greece,GRE,CRC,74.37,78.59,1.1835,1.5038,0.5811,0.5506,1,0
25-Jun,22:00,Mexico,MEX,NED,80.16,87.4,1.6322,2.8013,0.534,0.6993,1,0
25-Jun,22:00,Netherlands,NED,MEX,87.4,80.16,2.8013,1.6322,0.6993,0.534,1,1
25-Jun,22:00,Nigeria,NGA,FRA,76.16,87.8,1.5231,2.744,0.7259,0.6238,1,0
25-Jun,22:00,Switzerland,SUI,ARG,78.11,89.65,2.1503,2.7396,1.0465,0.4256,1,0
25-Jun,22:00,Uruguay,URU,COL,82.21,88.18,2.209,2.5068,0.7769,0.4405,1,0
25-Jun,22:00,USA,USA,BEL,78.85,83.12,2.1632,2.134,1.0015,0.6552,0.759,0
26-Jun,10:00,Algeria,ALG,GER,74.34,88.61,2.0441,3.1728,1.2336,0.793,0.634,1
26-Jun,10:00,Argentina,ARG,SUI,90.14,79.87,2.9531,2.2727,0.4932,0.9986,1,1
26-Jun,10:00,Belgium,BEL,USA,83.12,78.89,2.1376,2.1631,0.6547,0.9962,1,1
26-Jun,10:00,Brazil,BRA,CHI,91.24,86.58,3.2325,2.5767,0.5205,0.637,1,1
26-Jun,10:00,Chile,CHI,BRA,86.58,91.24,2.5767,3.2325,0.637,0.5205,1,0
26-Jun,10:00,Colombia,COL,URU,88.17,82.11,2.5118,2.1995,0.4427,0.7766,1,1
26-Jun,10:00,Costa Rica,CRC,GRE,78.46,74.48,1.4994,1.1804,0.5545,0.5712,1,1
26-Jun,10:00,France,FRA,NGA,87.68,77.2,2.6496,1.6936,0.5759,0.7807,1,1
26-Jun,10:00,Germany,GER,ALG,88.61,74.34,3.1728,2.0441,0.793,1.2336,0.9967,0
26-Jun,10:00,Greece,GRE,CRC,74.48,78.46,1.1804,1.4994,0.5712,0.5545,1,0
26-Jun,10:00,Mexico,MEX,NED,80.03,87.39,1.6198,2.809,0.5329,0.7022,1,0
26-Jun,10:00,Netherlands,NED,MEX,87.39,80.03,2.809,1.6198,0.7022,0.5329,1,1
26-Jun,10:00,Nigeria,NGA,FRA,77.2,87.68,1.6936,2.6496,0.7807,0.5759,1,0
26-Jun,10:00,Switzerland,SUI,ARG,79.87,90.14,2.2727,2.9531,0.9986,0.4932,1,0
26-Jun,10:00,Uruguay,URU,COL,82.11,88.17,2.1995,2.5118,0.7766,0.4427,1,0
26-Jun,10:00,USA,USA,BEL,78.89,83.12,2.1631,2.1376,0.9962,0.6547,0.7583,0
26-Jun,18:00,Algeria,ALG,GER,74.34,88.61,2.0441,3.1728,1.2336,0.793,0.6293,1
26-Jun,18:00,Argentina,ARG,SUI,90.14,79.87,2.9531,2.2727,0.4932,0.9986,1,1
26-Jun,18:00,Belgium,BEL,USA,83.12,78.89,2.1376,2.1631,0.6547,0.9962,1,1
26-Jun,18:00,Brazil,BRA,CHI,91.24,86.58,3.2325,2.5767,0.5205,0.637,1,1
26-Jun,18:00,Chile,CHI,BRA,86.58,91.24,2.5767,3.2325,0.637,0.5205,1,0
26-Jun,18:00,Colombia,COL,URU,88.17,82.11,2.5118,2.1995,0.4427,0.7766,1,1
26-Jun,18:00,Costa Rica,CRC,GRE,78.46,74.48,1.4994,1.1804,0.5545,0.5712,1,1
26-Jun,18:00,France,FRA,NGA,87.68,77.2,2.6496,1.6936,0.5759,0.7807,1,1
26-Jun,18:00,Germany,GER,ALG,88.61,74.34,3.1728,2.0441,0.793,1.2336,1,0
26-Jun,18:00,Greece,GRE,CRC,74.48,78.46,1.1804,1.4994,0.5712,0.5545,1,0
26-Jun,18:00,Mexico,MEX,NED,80.03,87.39,1.6198,2.809,0.5329,0.7022,1,0
26-Jun,18:00,Netherlands,NED,MEX,87.39,80.03,2.809,1.6198,0.7022,0.5329,1,1
26-Jun,18:00,Nigeria,NGA,FRA,77.2,87.68,1.6936,2.6496,0.7807,0.5759,1,0
26-Jun,18:00,Switzerland,SUI,ARG,79.87,90.14,2.2727,2.9531,0.9986,0.4932,1,0
26-Jun,18:00,Uruguay,URU,COL,82.11,88.17,2.1995,2.5118,0.7766,0.4427,1,0
26-Jun,18:00,USA,USA,BEL,78.89,83.12,2.1631,2.1376,0.9962,0.6547,1,0
26-Jun,22:00,Algeria,ALG,GER,74.34,88.61,2.0441,3.1728,1.2336,0.793,1,1
26-Jun,22:00,Argentina,ARG,SUI,90.14,79.87,2.9531,2.2727,0.4932,0.9986,1,1
26-Jun,22:00,Belgium,BEL,USA,83.12,78.89,2.1376,2.1631,0.6547,0.9962,1,1
26-Jun,22:00,Brazil,BRA,CHI,91.24,86.58,3.2325,2.5767,0.5205,0.637,1,1
26-Jun,22:00,Chile,CHI,BRA,86.58,91.24,2.5767,3.2325,0.637,0.5205,1,0
26-Jun,22:00,Colombia,COL,URU,88.17,82.11,2.5118,2.1995,0.4427,0.7766,1,1
26-Jun,22:00,Costa Rica,CRC,GRE,78.46,74.48,1.4994,1.1804,0.5545,0.5712,1,1
26-Jun,22:00,France,FRA,NGA,87.68,77.2,2.6496,1.6936,0.5759,0.7807,1,1
26-Jun,22:00,Germany,GER,ALG,88.61,74.34,3.1728,2.0441,0.793,1.2336,1,0
26-Jun,22:00,Greece,GRE,CRC,74.48,78.46,1.1804,1.4994,0.5712,0.5545,1,0
26-Jun,22:00,Mexico,MEX,NED,80.03,87.39,1.6198,2.809,0.5329,0.7022,1,0
26-Jun,22:00,Netherlands,NED,MEX,87.39,80.03,2.809,1.6198,0.7022,0.5329,1,1
26-Jun,22:00,Nigeria,NGA,FRA,77.2,87.68,1.6936,2.6496,0.7807,0.5759,1,0
26-Jun,22:00,Switzerland,SUI,ARG,79.87,90.14,2.2727,2.9531,0.9986,0.4932,1,0
26-Jun,22:00,Uruguay,URU,COL,82.11,88.17,2.1995,2.5118,0.7766,0.4427,1,0
26-Jun,22:00,USA,USA,BEL,78.89,83.12,2.1631,2.1376,0.9962,0.6547,1,0
27-Jun,1:00,Algeria,ALG,GER,74.97,88.65,2.0798,3.0555,1.2188,0.7218,1,1
27-Jun,1:00,Argentina,ARG,SUI,89.97,79.75,2.925,2.267,0.498,1.0069,1,1
27-Jun,1:00,Belgium,BEL,USA,83.03,78.63,2.0529,2.0283,0.6076,0.9224,1,1
27-Jun,1:00,Brazil,BRA,CHI,91.21,85.73,3.2184,2.5555,0.5182,0.7046,1,1
27-Jun,1:00,Chile,CHI,BRA,85.73,91.21,2.5555,3.2184,0.7046,0.5182,1,0
27-Jun,1:00,Colombia,COL,URU,88.92,81.66,2.6122,2.1886,0.4272,0.8064,1,1
27-Jun,1:00,Costa Rica,CRC,GRE,78.28,74.47,1.4832,1.1738,0.5567,0.5682,1,1
27-Jun,1:00,France,FRA,NGA,87.64,77.14,2.6458,1.698,0.579,0.7899,1,1
27-Jun,1:00,Germany,GER,ALG,88.65,74.97,3.0555,2.0798,0.7218,1.2188,1,0
27-Jun,1:00,Greece,GRE,CRC,74.47,78.28,1.1738,1.4832,0.5682,0.5567,1,0
27-Jun,1:00,Mexico,MEX,NED,80.1,87.26,1.623,2.7873,0.5321,0.7041,1,0
27-Jun,1:00,Netherlands,NED,MEX,87.26,80.1,2.7873,1.623,0.7041,0.5321,1,1
27-Jun,1:00,Nigeria,NGA,FRA,77.14,87.64,1.698,2.6458,0.7899,0.579,1,0
27-Jun,1:00,Switzerland,SUI,ARG,79.75,89.97,2.267,2.925,1.0069,0.498,1,0
27-Jun,1:00,Uruguay,URU,COL,81.66,88.92,2.1886,2.6122,0.8064,0.4272,1,0
27-Jun,1:00,USA,USA,BEL,78.63,83.03,2.0283,2.0529,0.9224,0.6076,1,0
28-Jun,9:45,Algeria,ALG,GER,74.97,88.65,2.0792,3.0556,1.2188,0.7218,1,1
28-Jun,9:45,Argentina,ARG,SUI,89.97,79.75,2.9251,2.2668,0.4979,1.0069,1,1
28-Jun,9:45,Belgium,BEL,USA,83.03,78.64,2.053,2.0284,0.6078,0.9224,1,1
28-Jun,9:45,Brazil,BRA,CHI,91.21,85.73,3.2186,2.5558,0.5182,0.7047,1,1
28-Jun,9:45,Chile,CHI,BRA,85.73,91.21,2.5558,3.2186,0.7047,0.5182,1,0
28-Jun,9:45,Colombia,COL,URU,88.92,81.67,2.6119,2.1888,0.4272,0.8063,1,1
28-Jun,9:45,Costa Rica,CRC,GRE,78.28,74.47,1.483,1.1739,0.5568,0.5684,1,1
28-Jun,9:45,France,FRA,NGA,87.64,77.14,2.6456,1.6979,0.579,0.79,1,1
28-Jun,9:45,Germany,GER,ALG,88.65,74.97,3.0556,2.0792,0.7218,1.2188,1,0
28-Jun,9:45,Greece,GRE,CRC,74.47,78.28,1.1739,1.483,0.5684,0.5568,1,0
28-Jun,9:45,Mexico,MEX,NED,80.09,87.26,1.6228,2.7872,0.5322,0.704,1,0
28-Jun,9:45,Netherlands,NED,MEX,87.26,80.09,2.7872,1.6228,0.704,0.5322,1,1
28-Jun,9:45,Nigeria,NGA,FRA,77.14,87.64,1.6979,2.6456,0.79,0.579,1,0
28-Jun,9:45,Switzerland,SUI,ARG,79.75,89.97,2.2668,2.9251,1.0069,0.4979,1,0
28-Jun,9:45,Uruguay,URU,COL,81.67,88.92,2.1888,2.6119,0.8063,0.4272,1,0
28-Jun,9:45,USA,USA,BEL,78.64,83.03,2.0284,2.053,0.9224,0.6078,1,0
28-Jun,19:00,Algeria,ALG,GER,74.97,88.65,2.0792,3.0556,1.2188,0.7218,1,1
28-Jun,19:00,Argentina,ARG,SUI,89.97,79.75,2.9251,2.2668,0.4979,1.0069,1,1
28-Jun,19:00,Belgium,BEL,USA,83.03,78.64,2.053,2.0284,0.6078,0.9224,1,1
28-Jun,19:00,Brazil,BRA,CHI,91.21,85.73,3.2186,2.5558,0.5182,0.7047,1,1
28-Jun,19:00,Chile,CHI,BRA,85.73,91.21,2.5558,3.2186,0.7047,0.5182,1,0
28-Jun,19:00,Colombia,COL,URU,88.92,81.67,2.6119,2.1888,0.4272,0.8063,1,1
28-Jun,19:00,Costa Rica,CRC,GRE,78.28,74.47,1.483,1.1739,0.5568,0.5684,1,1
28-Jun,19:00,France,FRA,NGA,87.64,77.14,2.6456,1.6979,0.579,0.79,1,1
28-Jun,19:00,Germany,GER,ALG,88.65,74.97,3.0556,2.0792,0.7218,1.2188,1,0
28-Jun,19:00,Greece,GRE,CRC,74.47,78.28,1.1739,1.483,0.5684,0.5568,1,0
28-Jun,19:00,Mexico,MEX,NED,80.09,87.26,1.6228,2.7872,0.5322,0.704,1,0
28-Jun,19:00,Netherlands,NED,MEX,87.26,80.09,2.7872,1.6228,0.704,0.5322,1,1
28-Jun,19:00,Nigeria,NGA,FRA,77.14,87.64,1.6979,2.6456,0.79,0.579,1,0
28-Jun,19:00,Switzerland,SUI,ARG,79.75,89.97,2.2668,2.9251,1.0069,0.4979,1,0
28-Jun,19:00,Uruguay,URU,COL,81.67,88.92,2.1888,2.6119,0.8063,0.4272,1,0
28-Jun,19:00,USA,USA,BEL,78.64,83.03,2.0284,2.053,0.9224,0.6078,1,0
28-Jun,22:00,Algeria,ALG,GER,74.97,88.65,2.0792,3.0556,1.2188,0.7218,1,1
28-Jun,22:00,Argentina,ARG,SUI,89.97,79.75,2.9251,2.2668,0.4979,1.0069,1,1
28-Jun,22:00,Belgium,BEL,USA,83.03,78.64,2.053,2.0284,0.6078,0.9224,1,1
28-Jun,22:00,Brazil,BRA,CHI,91.21,85.73,3.2186,2.5558,0.5182,0.7047,1,1
28-Jun,22:00,Chile,CHI,BRA,85.73,91.21,2.5558,3.2186,0.7047,0.5182,1,0
28-Jun,22:00,Colombia,COL,URU,88.92,81.67,2.6119,2.1888,0.4272,0.8063,1,1
28-Jun,22:00,Costa Rica,CRC,GRE,78.28,74.47,1.483,1.1739,0.5568,0.5684,1,1
28-Jun,22:00,France,FRA,NGA,87.64,77.14,2.6456,1.6979,0.579,0.79,1,1
28-Jun,22:00,Germany,GER,ALG,88.65,74.97,3.0556,2.0792,0.7218,1.2188,1,0
28-Jun,22:00,Greece,GRE,CRC,74.47,78.28,1.1739,1.483,0.5684,0.5568,1,0
28-Jun,22:00,Mexico,MEX,NED,80.09,87.26,1.6228,2.7872,0.5322,0.704,1,0
28-Jun,22:00,Netherlands,NED,MEX,87.26,80.09,2.7872,1.6228,0.704,0.5322,1,1
28-Jun,22:00,Nigeria,NGA,FRA,77.14,87.64,1.6979,2.6456,0.79,0.579,1,0
28-Jun,22:00,Switzerland,SUI,ARG,79.75,89.97,2.2668,2.9251,1.0069,0.4979,1,0
28-Jun,22:00,Uruguay,URU,COL,81.67,88.92,2.1888,2.6119,0.8063,0.4272,1,0
28-Jun,22:00,USA,USA,BEL,78.64,83.03,2.0284,2.053,0.9224,0.6078,1,0
29-Jun,9:30,Algeria,ALG,GER,74.96,88.66,2.0782,3.058,1.2191,0.7217,1,1
29-Jun,9:30,Argentina,ARG,SUI,89.97,79.74,2.9269,2.2656,0.498,1.0062,1,1
29-Jun,9:30,Belgium,BEL,USA,83.04,78.62,2.0537,2.0268,0.607,0.9228,1,1
29-Jun,9:30,Brazil,BRA,CHI,90.61,86.37,3.0717,2.5118,0.5063,0.6179,1,1
29-Jun,9:30,Chile,CHI,BRA,86.37,90.61,2.5118,3.0717,0.6179,0.5063,1,0
29-Jun,9:30,Colombia,COL,URU,89.42,80.86,2.6378,2.0933,0.388,0.8031,1,1
29-Jun,9:30,Costa Rica,CRC,GRE,78.18,74.59,1.479,1.1788,0.5604,0.5647,1,1
29-Jun,9:30,France,FRA,NGA,87.62,77.12,2.6444,1.6969,0.5791,0.7906,1,1
29-Jun,9:30,Germany,GER,ALG,88.66,74.96,3.058,2.0782,0.7217,1.2191,1,0
29-Jun,9:30,Greece,GRE,CRC,74.59,78.18,1.1788,1.479,0.5647,0.5604,1,0
29-Jun,9:30,Mexico,MEX,NED,80.03,87.38,1.621,2.8059,0.5351,0.7025,1,0
29-Jun,9:30,Netherlands,NED,MEX,87.38,80.03,2.8059,1.621,0.7025,0.5351,1,1
29-Jun,9:30,Nigeria,NGA,FRA,77.12,87.62,1.6969,2.6444,0.7906,0.5791,1,0
29-Jun,9:30,Switzerland,SUI,ARG,79.74,89.97,2.2656,2.9269,1.0062,0.498,1,0
29-Jun,9:30,Uruguay,URU,COL,80.86,89.42,2.0933,2.6378,0.8031,0.388,1,0
29-Jun,9:30,USA,USA,BEL,78.62,83.04,2.0268,2.0537,0.9228,0.607,1,0
29-Jun,18:00,Algeria,ALG,GER,74.96,88.66,2.0782,3.058,1.2191,0.7217,1,1
29-Jun,18:00,Argentina,ARG,SUI,89.97,79.74,2.9269,2.2656,0.498,1.0062,1,1
29-Jun,18:00,Belgium,BEL,USA,83.04,78.62,2.0537,2.0268,0.607,0.9228,1,1
29-Jun,18:00,Brazil,BRA,CHI,90.61,86.37,3.0717,2.5118,0.5063,0.6179,1,1
29-Jun,18:00,Chile,CHI,BRA,86.37,90.61,2.5118,3.0717,0.6179,0.5063,1,0
29-Jun,18:00,Colombia,COL,URU,89.42,80.86,2.6378,2.0933,0.388,0.8031,1,1
29-Jun,18:00,Costa Rica,CRC,GRE,78.18,74.59,1.479,1.1788,0.5604,0.5647,1,1
29-Jun,18:00,France,FRA,NGA,87.62,77.12,2.6444,1.6969,0.5791,0.7906,1,1
29-Jun,18:00,Germany,GER,ALG,88.66,74.96,3.058,2.0782,0.7217,1.2191,1,0
29-Jun,18:00,Greece,GRE,CRC,74.59,78.18,1.1788,1.479,0.5647,0.5604,1,0
29-Jun,18:00,Mexico,MEX,NED,80.03,87.38,1.621,2.8059,0.5351,0.7025,1,0
29-Jun,18:00,Netherlands,NED,MEX,87.38,80.03,2.8059,1.621,0.7025,0.5351,1,1
29-Jun,18:00,Nigeria,NGA,FRA,77.12,87.62,1.6969,2.6444,0.7906,0.5791,1,0
29-Jun,18:00,Switzerland,SUI,ARG,79.74,89.97,2.2656,2.9269,1.0062,0.498,1,0
29-Jun,18:00,Uruguay,URU,COL,80.86,89.42,2.0933,2.6378,0.8031,0.388,1,0
29-Jun,18:00,USA,USA,BEL,78.62,83.04,2.0268,2.0537,0.9228,0.607,1,0
30-Jun,0:00,Algeria,ALG,GER,74.96,88.66,2.0782,3.058,1.2191,0.7217,1,1
30-Jun,0:00,Argentina,ARG,SUI,89.97,79.74,2.9269,2.2656,0.498,1.0062,1,1
30-Jun,0:00,Belgium,BEL,USA,83.04,78.62,2.0537,2.0268,0.607,0.9228,1,1
30-Jun,0:00,Brazil,BRA,CHI,90.61,86.37,3.0717,2.5118,0.5063,0.6179,1,1
30-Jun,0:00,Chile,CHI,BRA,86.37,90.61,2.5118,3.0717,0.6179,0.5063,1,0
30-Jun,0:00,Colombia,COL,URU,89.42,80.86,2.6378,2.0933,0.388,0.8031,1,1
30-Jun,0:00,Costa Rica,CRC,GRE,78.18,74.59,1.479,1.1788,0.5604,0.5647,1,1
30-Jun,0:00,France,FRA,NGA,87.62,77.12,2.6444,1.6969,0.5791,0.7906,1,1
30-Jun,0:00,Germany,GER,ALG,88.66,74.96,3.058,2.0782,0.7217,1.2191,1,0
30-Jun,0:00,Greece,GRE,CRC,74.59,78.18,1.1788,1.479,0.5647,0.5604,1,0
30-Jun,0:00,Mexico,MEX,NED,80.03,87.38,1.621,2.8059,0.5351,0.7025,1,0
30-Jun,0:00,Netherlands,NED,MEX,87.38,80.03,2.8059,1.621,0.7025,0.5351,1,1
30-Jun,0:00,Nigeria,NGA,FRA,77.12,87.62,1.6969,2.6444,0.7906,0.5791,1,0
30-Jun,0:00,Switzerland,SUI,ARG,79.74,89.97,2.2656,2.9269,1.0062,0.498,1,0
30-Jun,0:00,Uruguay,URU,COL,80.86,89.42,2.0933,2.6378,0.8031,0.388,1,0
30-Jun,0:00,USA,USA,BEL,78.62,83.04,2.0268,2.0537,0.9228,0.607,1,0
30-Jun,10:00,Algeria,ALG,GER,74.95,88.65,2.0782,3.0589,1.2187,0.7214,1,1
30-Jun,10:00,Argentina,ARG,SUI,89.96,79.73,2.9275,2.2659,0.4981,1.0059,1,1
30-Jun,10:00,Belgium,BEL,USA,83.04,78.6,2.0551,2.0285,0.607,0.9242,1,1
30-Jun,10:00,Brazil,BRA,CHI,90.61,86.39,3.0736,2.5145,0.5061,0.6159,1,1
30-Jun,10:00,Chile,CHI,BRA,86.39,90.61,2.5145,3.0736,0.6159,0.5061,1,0
30-Jun,10:00,Colombia,COL,URU,89.43,80.87,2.6381,2.0924,0.3859,0.8006,1,1
30-Jun,10:00,Costa Rica,CRC,GRE,78.13,74.85,1.5071,1.1864,0.583,0.5541,1,1
30-Jun,10:00,France,FRA,NGA,87.62,77.11,2.6447,1.696,0.5786,0.7895,1,1
30-Jun,10:00,Germany,GER,ALG,88.65,74.95,3.0589,2.0782,0.7214,1.2187,1,0
30-Jun,10:00,Greece,GRE,CRC,74.85,78.13,1.1864,1.5071,0.5541,0.583,1,0
30-Jun,10:00,Mexico,MEX,NED,79.9,87.77,1.63,2.8637,0.5497,0.6965,1,0
30-Jun,10:00,Netherlands,NED,MEX,87.77,79.9,2.8637,1.63,0.6965,0.5497,1,1
30-Jun,10:00,Nigeria,NGA,FRA,77.11,87.62,1.696,2.6447,0.7895,0.5786,1,0
30-Jun,10:00,Switzerland,SUI,ARG,79.73,89.96,2.2659,2.9275,1.0059,0.4981,1,0
30-Jun,10:00,Uruguay,URU,COL,80.87,89.43,2.0924,2.6381,0.8006,0.3859,1,0
30-Jun,10:00,USA,USA,BEL,78.6,83.04,2.0285,2.0551,0.9242,0.607,1,0
30-Jun,18:00,Algeria,ALG,GER,74.95,88.65,2.0782,3.0589,1.2187,0.7214,1,1
30-Jun,18:00,Argentina,ARG,SUI,89.96,79.73,2.9275,2.2659,0.4981,1.0059,1,1
30-Jun,18:00,Belgium,BEL,USA,83.04,78.6,2.0551,2.0285,0.607,0.9242,1,1
30-Jun,18:00,Brazil,BRA,CHI,90.61,86.39,3.0736,2.5145,0.5061,0.6159,1,1
30-Jun,18:00,Chile,CHI,BRA,86.39,90.61,2.5145,3.0736,0.6159,0.5061,1,0
30-Jun,18:00,Colombia,COL,URU,89.43,80.87,2.6381,2.0924,0.3859,0.8006,1,1
30-Jun,18:00,Costa Rica,CRC,GRE,78.13,74.85,1.5071,1.1864,0.583,0.5541,1,1
30-Jun,18:00,France,FRA,NGA,87.62,77.11,2.6447,1.696,0.5786,0.7895,1,1
30-Jun,18:00,Germany,GER,ALG,88.65,74.95,3.0589,2.0782,0.7214,1.2187,1,0
30-Jun,18:00,Greece,GRE,CRC,74.85,78.13,1.1864,1.5071,0.5541,0.583,1,0
30-Jun,18:00,Mexico,MEX,NED,79.9,87.77,1.63,2.8637,0.5497,0.6965,1,0
30-Jun,18:00,Netherlands,NED,MEX,87.77,79.9,2.8637,1.63,0.6965,0.5497,1,1
30-Jun,18:00,Nigeria,NGA,FRA,77.11,87.62,1.696,2.6447,0.7895,0.5786,1,0
30-Jun,18:00,Switzerland,SUI,ARG,79.73,89.96,2.2659,2.9275,1.0059,0.4981,1,0
30-Jun,18:00,Uruguay,URU,COL,80.87,89.43,2.0924,2.6381,0.8006,0.3859,1,0
30-Jun,18:00,USA,USA,BEL,78.6,83.04,2.0285,2.0551,0.9242,0.607,1,0
30-Jun,22:30,Algeria,ALG,GER,74.95,88.65,2.0782,3.0589,1.2187,0.7214,1,1
30-Jun,22:30,Argentina,ARG,SUI,89.96,79.73,2.9275,2.2659,0.4981,1.0059,1,1
30-Jun,22:30,Belgium,BEL,USA,83.04,78.6,2.0551,2.0285,0.607,0.9242,1,1
30-Jun,22:30,Brazil,BRA,CHI,90.61,86.39,3.0736,2.5145,0.5061,0.6159,1,1
30-Jun,22:30,Chile,CHI,BRA,86.39,90.61,2.5145,3.0736,0.6159,0.5061,1,0
30-Jun,22:30,Colombia,COL,URU,89.43,80.87,2.6381,2.0924,0.3859,0.8006,1,1
30-Jun,22:30,Costa Rica,CRC,GRE,78.13,74.85,1.5071,1.1864,0.583,0.5541,1,1
30-Jun,22:30,France,FRA,NGA,87.62,77.11,2.6447,1.696,0.5786,0.7895,1,1
30-Jun,22:30,Germany,GER,ALG,88.65,74.95,3.0589,2.0782,0.7214,1.2187,1,0
30-Jun,22:30,Greece,GRE,CRC,74.85,78.13,1.1864,1.5071,0.5541,0.583,1,0
30-Jun,22:30,Mexico,MEX,NED,79.9,87.77,1.63,2.8637,0.5497,0.6965,1,0
30-Jun,22:30,Netherlands,NED,MEX,87.77,79.9,2.8637,1.63,0.6965,0.5497,1,1
30-Jun,22:30,Nigeria,NGA,FRA,77.11,87.62,1.696,2.6447,0.7895,0.5786,1,0
30-Jun,22:30,Switzerland,SUI,ARG,79.73,89.96,2.2659,2.9275,1.0059,0.4981,1,0
30-Jun,22:30,Uruguay,URU,COL,80.87,89.43,2.0924,2.6381,0.8006,0.3859,1,0
30-Jun,22:30,USA,USA,BEL,78.6,83.04,2.0285,2.0551,0.9242,0.607,1,0
1-Jul,9:30,Algeria,ALG,GER,75.61,88.29,2.0193,2.9654,1.1275,0.7022,1,1
1-Jul,9:30,Argentina,ARG,SUI,89.87,79.95,2.9237,2.2816,0.5033,0.9986,1,1
1-Jul,9:30,Belgium,BEL,USA,83.11,78.54,2.0638,2.0321,0.6053,0.9295,1,1
1-Jul,9:30,Brazil,BRA,CHI,90.61,86.38,3.0758,2.5169,0.5047,0.6161,1,1
1-Jul,9:30,Chile,CHI,BRA,86.38,90.61,2.5169,3.0758,0.6161,0.5047,1,0
1-Jul,9:30,Colombia,COL,URU,89.41,80.86,2.638,2.0932,0.3854,0.8005,1,1
1-Jul,9:30,Costa Rica,CRC,GRE,78.13,74.83,1.5073,1.1866,0.5823,0.5545,1,1
1-Jul,9:30,France,FRA,NGA,88.13,76.17,2.6674,1.6242,0.5389,0.7985,1,1
1-Jul,9:30,Germany,GER,ALG,88.29,75.61,2.9654,2.0193,0.7022,1.1275,1,0
1-Jul,9:30,Greece,GRE,CRC,74.83,78.13,1.1866,1.5073,0.5545,0.5823,1,0
1-Jul,9:30,Mexico,MEX,NED,79.89,87.78,1.6308,2.8654,0.5499,0.6948,1,0
1-Jul,9:30,Netherlands,NED,MEX,87.78,79.89,2.8654,1.6308,0.6948,0.5499,1,1
1-Jul,9:30,Nigeria,NGA,FRA,76.17,88.13,1.6242,2.6674,0.7985,0.5389,1,0
1-Jul,9:30,Switzerland,SUI,ARG,79.95,89.87,2.2816,2.9237,0.9986,0.5033,1,0
1-Jul,9:30,Uruguay,URU,COL,80.86,89.41,2.0932,2.638,0.8005,0.3854,1,0
1-Jul,9:30,USA,USA,BEL,78.54,83.11,2.0321,2.0638,0.9295,0.6053,1,0
1-Jul,18:45,Algeria,ALG,GER,75.61,88.29,2.0193,2.9654,1.1275,0.7022,1,1
1-Jul,18:45,Argentina,ARG,SUI,89.87,79.95,2.9237,2.2816,0.5033,0.9986,1,1
1-Jul,18:45,Belgium,BEL,USA,83.11,78.54,2.0638,2.0321,0.6053,0.9295,1,1
1-Jul,18:45,Brazil,BRA,CHI,90.61,86.38,3.0758,2.5169,0.5047,0.6161,1,1
1-Jul,18:45,Chile,CHI,BRA,86.38,90.61,2.5169,3.0758,0.6161,0.5047,1,0
1-Jul,18:45,Colombia,COL,URU,89.41,80.86,2.638,2.0932,0.3854,0.8005,1,1
1-Jul,18:45,Costa Rica,CRC,GRE,78.13,74.83,1.5073,1.1866,0.5823,0.5545,1,1
1-Jul,18:45,France,FRA,NGA,88.13,76.17,2.6674,1.6242,0.5389,0.7985,1,1
1-Jul,18:45,Germany,GER,ALG,88.29,75.61,2.9654,2.0193,0.7022,1.1275,1,0
1-Jul,18:45,Greece,GRE,CRC,74.83,78.13,1.1866,1.5073,0.5545,0.5823,1,0
1-Jul,18:45,Mexico,MEX,NED,79.89,87.78,1.6308,2.8654,0.5499,0.6948,1,0
1-Jul,18:45,Netherlands,NED,MEX,87.78,79.89,2.8654,1.6308,0.6948,0.5499,1,1
1-Jul,18:45,Nigeria,NGA,FRA,76.17,88.13,1.6242,2.6674,0.7985,0.5389,1,0
1-Jul,18:45,Switzerland,SUI,ARG,79.95,89.87,2.2816,2.9237,0.9986,0.5033,1,0
1-Jul,18:45,Uruguay,URU,COL,80.86,89.41,2.0932,2.638,0.8005,0.3854,1,0
1-Jul,18:45,USA,USA,BEL,78.54,83.11,2.0321,2.0638,0.9295,0.6053,1,0
1-Jul,22:30,Algeria,ALG,GER,75.61,88.29,2.0193,2.9654,1.1275,0.7022,1,1
1-Jul,22:30,Argentina,ARG,SUI,89.87,79.95,2.9237,2.2816,0.5033,0.9986,1,1
1-Jul,22:30,Belgium,BEL,USA,83.11,78.54,2.0638,2.0321,0.6053,0.9295,1,1
1-Jul,22:30,Brazil,BRA,CHI,90.61,86.38,3.0758,2.5169,0.5047,0.6161,1,1
1-Jul,22:30,Chile,CHI,BRA,86.38,90.61,2.5169,3.0758,0.6161,0.5047,1,0
1-Jul,22:30,Colombia,COL,URU,89.41,80.86,2.638,2.0932,0.3854,0.8005,1,1
1-Jul,22:30,Costa Rica,CRC,GRE,78.13,74.83,1.5073,1.1866,0.5823,0.5545,1,1
1-Jul,22:30,France,FRA,NGA,88.13,76.17,2.6674,1.6242,0.5389,0.7985,1,1
1-Jul,22:30,Germany,GER,ALG,88.29,75.61,2.9654,2.0193,0.7022,1.1275,1,0
1-Jul,22:30,Greece,GRE,CRC,74.83,78.13,1.1866,1.5073,0.5545,0.5823,1,0
1-Jul,22:30,Mexico,MEX,NED,79.89,87.78,1.6308,2.8654,0.5499,0.6948,1,0
1-Jul,22:30,Netherlands,NED,MEX,87.78,79.89,2.8654,1.6308,0.6948,0.5499,1,1
1-Jul,22:30,Nigeria,NGA,FRA,76.17,88.13,1.6242,2.6674,0.7985,0.5389,1,0
1-Jul,22:30,Switzerland,SUI,ARG,79.95,89.87,2.2816,2.9237,0.9986,0.5033,1,0
1-Jul,22:30,Uruguay,URU,COL,80.86,89.41,2.0932,2.638,0.8005,0.3854,1,0
1-Jul,22:30,USA,USA,BEL,78.54,83.11,2.0321,2.0638,0.9295,0.6053,1,0
2-Jul,9:30,Algeria,ALG,GER,75.67,88.28,2.0235,2.9649,1.1261,0.702,1,1
2-Jul,9:30,Argentina,ARG,SUI,89.56,79.76,2.7803,2.1815,0.453,0.9438,1,1
2-Jul,9:30,Belgium,BEL,USA,83.39,78.19,2.0618,1.9972,0.5813,0.9297,1,1
2-Jul,9:30,Brazil,BRA,CHI,90.61,86.39,3.076,2.5183,0.5044,0.6154,1,1
2-Jul,9:30,Chile,CHI,BRA,86.39,90.61,2.5183,3.076,0.6154,0.5044,1,0
2-Jul,9:30,Colombia,COL,URU,89.43,80.97,2.6381,2.1071,0.3828,0.8012,1,1
2-Jul,9:30,Costa Rica,CRC,GRE,78.12,74.84,1.506,1.1873,0.5814,0.5539,1,1
2-Jul,9:30,France,FRA,NGA,88.14,76.19,2.6777,1.6381,0.5427,0.8075,1,1
2-Jul,9:30,Germany,GER,ALG,88.28,75.67,2.9649,2.0235,0.702,1.1261,1,0
2-Jul,9:30,Greece,GRE,CRC,74.84,78.12,1.1873,1.506,0.5539,0.5814,1,0
2-Jul,9:30,Mexico,MEX,NED,79.87,87.78,1.6292,2.8661,0.5497,0.6941,1,0
2-Jul,9:30,Netherlands,NED,MEX,87.78,79.87,2.8661,1.6292,0.6941,0.5497,1,1
2-Jul,9:30,Nigeria,NGA,FRA,76.19,88.14,1.6381,2.6777,0.8075,0.5427,1,0
2-Jul,9:30,Switzerland,SUI,ARG,79.76,89.56,2.1815,2.7803,0.9438,0.453,1,0
2-Jul,9:30,Uruguay,URU,COL,80.97,89.43,2.1071,2.6381,0.8012,0.3828,1,0
2-Jul,9:30,USA,USA,BEL,78.19,83.39,1.9972,2.0618,0.9297,0.5813,1,0
3-Jul,9:45,Algeria,ALG,GER,75.67,88.28,2.0232,2.9654,1.1262,0.7021,1,1
3-Jul,9:45,Argentina,ARG,SUI,89.57,79.76,2.7808,2.1818,0.4529,0.9438,1,1
3-Jul,9:45,Belgium,BEL,USA,83.39,78.19,2.0623,1.9977,0.5816,0.9297,1,1
3-Jul,9:45,Brazil,BRA,CHI,90.61,86.41,3.0772,2.5199,0.5044,0.6153,1,1
3-Jul,9:45,Chile,CHI,BRA,86.41,90.61,2.5199,3.0772,0.6153,0.5044,1,0
3-Jul,9:45,Colombia,COL,URU,89.43,80.98,2.638,2.1079,0.3827,0.801,1,1
3-Jul,9:45,Costa Rica,CRC,GRE,78.13,74.85,1.5063,1.1877,0.5813,0.5541,1,1
3-Jul,9:45,France,FRA,NGA,88.15,76.2,2.6779,1.6394,0.5428,0.8074,1,1
3-Jul,9:45,Germany,GER,ALG,88.28,75.67,2.9654,2.0232,0.7021,1.1262,1,0
3-Jul,9:45,Greece,GRE,CRC,74.85,78.13,1.1877,1.5063,0.5541,0.5813,1,0
3-Jul,9:45,Mexico,MEX,NED,79.87,87.78,1.6294,2.8663,0.5498,0.6942,1,0
3-Jul,9:45,Netherlands,NED,MEX,87.78,79.87,2.8663,1.6294,0.6942,0.5498,1,1
3-Jul,9:45,Nigeria,NGA,FRA,76.2,88.15,1.6394,2.6779,0.8074,0.5428,1,0
3-Jul,9:45,Switzerland,SUI,ARG,79.76,89.57,2.1818,2.7808,0.9438,0.4529,1,0
3-Jul,9:45,Uruguay,URU,COL,80.98,89.43,2.1079,2.638,0.801,0.3827,1,0
3-Jul,9:45,USA,USA,BEL,78.19,83.39,1.9977,2.0623,0.9297,0.5816,1,0
4-Jul,18:00,Algeria,ALG,GER,75.66,88.28,2.0226,2.9655,1.1263,0.7021,1,1
4-Jul,18:00,Argentina,ARG,SUI,89.57,79.76,2.7809,2.1817,0.4528,0.9438,1,1
4-Jul,18:00,Belgium,BEL,USA,83.39,78.19,2.0624,1.9978,0.5817,0.9297,1,1
4-Jul,18:00,Brazil,BRA,CHI,90.61,86.41,3.0775,2.5202,0.5044,0.6154,1,1
4-Jul,18:00,Chile,CHI,BRA,86.41,90.61,2.5202,3.0775,0.6154,0.5044,1,0
4-Jul,18:00,Colombia,COL,URU,89.43,80.98,2.6374,2.1081,0.3827,0.8009,1,1
4-Jul,18:00,Costa Rica,CRC,GRE,78.13,74.85,1.5062,1.1878,0.5814,0.5543,1,1
4-Jul,18:00,France,FRA,NGA,88.14,76.2,2.6777,1.6394,0.5429,0.8075,1,1
4-Jul,18:00,Germany,GER,ALG,88.28,75.66,2.9655,2.0226,0.7021,1.1263,1,0
4-Jul,18:00,Greece,GRE,CRC,74.85,78.13,1.1878,1.5062,0.5543,0.5814,1,0
4-Jul,18:00,Mexico,MEX,NED,79.87,87.78,1.6292,2.8659,0.55,0.6943,1,0
4-Jul,18:00,Netherlands,NED,MEX,87.78,79.87,2.8659,1.6292,0.6943,0.55,1,1
4-Jul,18:00,Nigeria,NGA,FRA,76.2,88.14,1.6394,2.6777,0.8075,0.5429,1,0
4-Jul,18:00,Switzerland,SUI,ARG,79.76,89.57,2.1817,2.7809,0.9438,0.4528,1,0
4-Jul,18:00,Uruguay,URU,COL,80.98,89.43,2.1081,2.6374,0.8009,0.3827,1,0
4-Jul,18:00,USA,USA,BEL,78.19,83.39,1.9978,2.0624,0.9297,0.5817,1,0
4-Jul,22:00,Algeria,ALG,GER,75.66,88.28,2.0226,2.9655,1.1263,0.7021,1,1
4-Jul,22:00,Argentina,ARG,SUI,89.57,79.76,2.7809,2.1817,0.4528,0.9438,1,1
4-Jul,22:00,Belgium,BEL,USA,83.39,78.19,2.0624,1.9978,0.5817,0.9297,1,1
4-Jul,22:00,Brazil,BRA,CHI,90.61,86.41,3.0775,2.5202,0.5044,0.6154,1,1
4-Jul,22:00,Chile,CHI,BRA,86.41,90.61,2.5202,3.0775,0.6154,0.5044,1,0
4-Jul,22:00,Colombia,COL,URU,89.43,80.98,2.6374,2.1081,0.3827,0.8009,1,1
4-Jul,22:00,Costa Rica,CRC,GRE,78.13,74.85,1.5062,1.1878,0.5814,0.5543,1,1
4-Jul,22:00,France,FRA,NGA,88.14,76.2,2.6777,1.6394,0.5429,0.8075,1,1
4-Jul,22:00,Germany,GER,ALG,88.28,75.66,2.9655,2.0226,0.7021,1.1263,1,0
4-Jul,22:00,Greece,GRE,CRC,74.85,78.13,1.1878,1.5062,0.5543,0.5814,1,0
4-Jul,22:00,Mexico,MEX,NED,79.87,87.78,1.6292,2.8659,0.55,0.6943,1,0
4-Jul,22:00,Netherlands,NED,MEX,87.78,79.87,2.8659,1.6292,0.6943,0.55,1,1
4-Jul,22:00,Nigeria,NGA,FRA,76.2,88.14,1.6394,2.6777,0.8075,0.5429,1,0
4-Jul,22:00,Switzerland,SUI,ARG,79.76,89.57,2.1817,2.7809,0.9438,0.4528,1,0
4-Jul,22:00,Uruguay,URU,COL,80.98,89.43,2.1081,2.6374,0.8009,0.3827,1,0
4-Jul,22:00,USA,USA,BEL,78.19,83.39,1.9978,2.0624,0.9297,0.5817,1,0
5-Jul,9:30,Algeria,ALG,GER,75.78,88.68,2.0371,2.9235,1.1288,0.634,1,1
5-Jul,9:30,Argentina,ARG,SUI,89.55,79.64,2.7778,2.1847,0.4523,0.9552,1,1
5-Jul,9:30,Belgium,BEL,USA,83.39,78.24,2.0625,2.0031,0.5815,0.9302,1,1
5-Jul,9:30,Brazil,BRA,CHI,90.84,86.41,3.1211,2.5199,0.5006,0.6144,1,1
5-Jul,9:30,Chile,CHI,BRA,86.41,90.84,2.5199,3.1211,0.6144,0.5006,1,0
5-Jul,9:30,Colombia,COL,URU,89.29,80.97,2.6309,2.1056,0.393,0.8004,1,1
5-Jul,9:30,Costa Rica,CRC,GRE,78.12,74.83,1.5056,1.1857,0.5816,0.5541,1,1
5-Jul,9:30,France,FRA,NGA,87.74,76.13,2.5758,1.6419,0.5206,0.8144,1,1
5-Jul,9:30,Germany,GER,ALG,88.68,75.78,2.9235,2.0371,0.634,1.1288,1,0
5-Jul,9:30,Greece,GRE,CRC,74.83,78.12,1.1857,1.5056,0.5541,0.5816,1,0
5-Jul,9:30,Mexico,MEX,NED,79.89,87.75,1.6288,2.8653,0.5484,0.6958,1,0
5-Jul,9:30,Netherlands,NED,MEX,87.75,79.89,2.8653,1.6288,0.6958,0.5484,1,1
5-Jul,9:30,Nigeria,NGA,FRA,76.13,87.74,1.6419,2.5758,0.8144,0.5206,1,0
5-Jul,9:30,Switzerland,SUI,ARG,79.64,89.55,2.1847,2.7778,0.9552,0.4523,1,0
5-Jul,9:30,Uruguay,URU,COL,80.97,89.29,2.1056,2.6309,0.8004,0.393,1,0
5-Jul,9:30,USA,USA,BEL,78.24,83.39,2.0031,2.0625,0.9302,0.5815,1,0
5-Jul,23:00,Algeria,ALG,GER,75.78,88.68,2.0371,2.9235,1.1288,0.634,1,1
5-Jul,23:00,Argentina,ARG,SUI,89.55,79.64,2.7778,2.1847,0.4523,0.9552,1,1
5-Jul,23:00,Belgium,BEL,USA,83.39,78.24,2.0625,2.0031,0.5815,0.9302,1,1
5-Jul,23:00,Brazil,BRA,CHI,90.84,86.41,3.1211,2.5199,0.5006,0.6144,1,1
5-Jul,23:00,Chile,CHI,BRA,86.41,90.84,2.5199,3.1211,0.6144,0.5006,1,0
5-Jul,23:00,Colombia,COL,URU,89.29,80.97,2.6309,2.1056,0.393,0.8004,1,1
5-Jul,23:00,Costa Rica,CRC,GRE,78.12,74.83,1.5056,1.1857,0.5816,0.5541,1,1
5-Jul,23:00,France,FRA,NGA,87.74,76.13,2.5758,1.6419,0.5206,0.8144,1,1
5-Jul,23:00,Germany,GER,ALG,88.68,75.78,2.9235,2.0371,0.634,1.1288,1,0
5-Jul,23:00,Greece,GRE,CRC,74.83,78.12,1.1857,1.5056,0.5541,0.5816,1,0
5-Jul,23:00,Mexico,MEX,NED,79.89,87.75,1.6288,2.8653,0.5484,0.6958,1,0
5-Jul,23:00,Netherlands,NED,MEX,87.75,79.89,2.8653,1.6288,0.6958,0.5484,1,1
5-Jul,23:00,Nigeria,NGA,FRA,76.13,87.74,1.6419,2.5758,0.8144,0.5206,1,0
5-Jul,23:00,Switzerland,SUI,ARG,79.64,89.55,2.1847,2.7778,0.9552,0.4523,1,0
5-Jul,23:00,Uruguay,URU,COL,80.97,89.29,2.1056,2.6309,0.8004,0.393,1,0
5-Jul,23:00,USA,USA,BEL,78.24,83.39,2.0031,2.0625,0.9302,0.5815,1,0
6-Jul,9:00,Algeria,ALG,GER,75.7,88.66,2.0386,2.9215,1.1354,0.6331,1,1
6-Jul,9:00,Argentina,ARG,SUI,89.59,79.67,2.7121,2.1891,0.4068,0.9557,1,1
6-Jul,9:00,Belgium,BEL,USA,83,78.21,1.9836,2.0083,0.5599,0.9359,1,1
6-Jul,9:00,Brazil,BRA,CHI,90.82,86.36,3.1189,2.5219,0.4996,0.619,1,1
6-Jul,9:00,Chile,CHI,BRA,86.36,90.82,2.5219,3.1189,0.619,0.4996,1,0
6-Jul,9:00,Colombia,COL,URU,89.28,80.97,2.6291,2.1155,0.3913,0.8063,1,1
6-Jul,9:00,Costa Rica,CRC,GRE,78.46,74.88,1.4292,1.1941,0.5029,0.5572,1,1
6-Jul,9:00,France,FRA,NGA,87.74,76.23,2.577,1.6538,0.5205,0.8161,1,1
6-Jul,9:00,Germany,GER,ALG,88.66,75.7,2.9215,2.0386,0.6331,1.1354,1,0
6-Jul,9:00,Greece,GRE,CRC,74.88,78.46,1.1941,1.4292,0.5572,0.5029,1,0
6-Jul,9:00,Mexico,MEX,NED,79.88,87.46,1.638,2.7144,0.5547,0.6325,1,0
6-Jul,9:00,Netherlands,NED,MEX,87.46,79.88,2.7144,1.638,0.6325,0.5547,1,1
6-Jul,9:00,Nigeria,NGA,FRA,76.23,87.74,1.6538,2.577,0.8161,0.5205,1,0
6-Jul,9:00,Switzerland,SUI,ARG,79.67,89.59,2.1891,2.7121,0.9557,0.4068,1,0
6-Jul,9:00,Uruguay,URU,COL,80.97,89.28,2.1155,2.6291,0.8063,0.3913,1,0
6-Jul,9:00,USA,USA,BEL,78.21,83,2.0083,1.9836,0.9359,0.5599,1,0
7-Jul,0:00,Algeria,ALG,GER,75.69,88.66,2.0383,2.9216,1.1354,0.633,1,1
7-Jul,0:00,Argentina,ARG,SUI,89.59,79.66,2.7122,2.189,0.4067,0.9557,1,1
7-Jul,0:00,Belgium,BEL,USA,83,78.21,1.9837,2.0084,0.56,0.936,1,1
7-Jul,0:00,Brazil,BRA,CHI,90.82,86.37,3.1191,2.5222,0.4996,0.6192,1,1
7-Jul,0:00,Chile,CHI,BRA,86.37,90.82,2.5222,3.1191,0.6192,0.4996,1,0
7-Jul,0:00,Colombia,COL,URU,89.28,80.97,2.6289,2.1157,0.3912,0.8062,1,1
7-Jul,0:00,Costa Rica,CRC,GRE,78.46,74.88,1.4291,1.1942,0.503,0.5574,1,1
7-Jul,0:00,France,FRA,NGA,87.74,76.23,2.5769,1.6538,0.5206,0.8162,1,1
7-Jul,0:00,Germany,GER,ALG,88.66,75.69,2.9216,2.0383,0.633,1.1354,1,0
7-Jul,0:00,Greece,GRE,CRC,74.88,78.46,1.1942,1.4291,0.5574,0.503,1,0
7-Jul,0:00,Mexico,MEX,NED,79.88,87.46,1.6378,2.7141,0.5549,0.6326,1,0
7-Jul,0:00,Netherlands,NED,MEX,87.46,79.88,2.7141,1.6378,0.6326,0.5549,1,1
7-Jul,0:00,Nigeria,NGA,FRA,76.23,87.74,1.6538,2.5769,0.8162,0.5206,1,0
7-Jul,0:00,Switzerland,SUI,ARG,79.66,89.59,2.189,2.7122,0.9557,0.4067,1,0
7-Jul,0:00,Uruguay,URU,COL,80.97,89.28,2.1157,2.6289,0.8062,0.3912,1,0
7-Jul,0:00,USA,USA,BEL,78.21,83,2.0084,1.9837,0.936,0.56,1,0
8-Jul,9:30,Algeria,ALG,GER,75.69,88.66,2.0377,2.9217,1.1355,0.6331,1,1
8-Jul,9:30,Argentina,ARG,SUI,89.59,79.66,2.7123,2.1888,0.4067,0.9558,1,1
8-Jul,9:30,Belgium,BEL,USA,83,78.21,1.9839,2.0085,0.5602,0.936,1,1
8-Jul,9:30,Brazil,BRA,CHI,90.82,86.37,3.1193,2.5225,0.4996,0.6193,1,1
8-Jul,9:30,Chile,CHI,BRA,86.37,90.82,2.5225,3.1193,0.6193,0.4996,1,0
8-Jul,9:30,Colombia,COL,URU,89.28,80.98,2.6286,2.1159,0.3912,0.8061,1,1
8-Jul,9:30,Costa Rica,CRC,GRE,78.46,74.87,1.4291,1.1943,0.5031,0.5576,1,1
8-Jul,9:30,France,FRA,NGA,87.74,76.23,2.577,1.6538,0.5206,0.8162,1,1
8-Jul,9:30,Germany,GER,ALG,88.66,75.69,2.9217,2.0377,0.6331,1.1355,1,0
8-Jul,9:30,Greece,GRE,CRC,74.87,78.46,1.1943,1.4291,0.5576,0.5031,1,0
8-Jul,9:30,Mexico,MEX,NED,79.87,87.46,1.6376,2.7141,0.5551,0.6325,1,0
8-Jul,9:30,Netherlands,NED,MEX,87.46,79.87,2.7141,1.6376,0.6325,0.5551,1,1
8-Jul,9:30,Nigeria,NGA,FRA,76.23,87.74,1.6538,2.577,0.8162,0.5206,1,0
8-Jul,9:30,Switzerland,SUI,ARG,79.66,89.59,2.1888,2.7123,0.9558,0.4067,1,0
8-Jul,9:30,Uruguay,URU,COL,80.98,89.28,2.1159,2.6286,0.8061,0.3912,1,0
8-Jul,9:30,USA,USA,BEL,78.21,83,2.0085,1.9839,0.936,0.5602,1,0
8-Jul,22:00,Algeria,ALG,GER,75.69,88.66,2.0377,2.9217,1.1355,0.6331,1,1
8-Jul,22:00,Argentina,ARG,SUI,89.59,79.66,2.7123,2.1888,0.4067,0.9558,1,1
8-Jul,22:00,Belgium,BEL,USA,83,78.21,1.9839,2.0085,0.5602,0.936,1,1
8-Jul,22:00,Brazil,BRA,CHI,90.82,86.37,3.1193,2.5225,0.4996,0.6193,1,1
8-Jul,22:00,Chile,CHI,BRA,86.37,90.82,2.5225,3.1193,0.6193,0.4996,1,0
8-Jul,22:00,Colombia,COL,URU,89.28,80.98,2.6286,2.1159,0.3912,0.8061,1,1
8-Jul,22:00,Costa Rica,CRC,GRE,78.46,74.87,1.4291,1.1943,0.5031,0.5576,1,1
8-Jul,22:00,France,FRA,NGA,87.74,76.23,2.577,1.6538,0.5206,0.8162,1,1
8-Jul,22:00,Germany,GER,ALG,88.66,75.69,2.9217,2.0377,0.6331,1.1355,1,0
8-Jul,22:00,Greece,GRE,CRC,74.87,78.46,1.1943,1.4291,0.5576,0.5031,1,0
8-Jul,22:00,Mexico,MEX,NED,79.87,87.46,1.6376,2.7141,0.5551,0.6325,1,0
8-Jul,22:00,Netherlands,NED,MEX,87.46,79.87,2.7141,1.6376,0.6325,0.5551,1,1
8-Jul,22:00,Nigeria,NGA,FRA,76.23,87.74,1.6538,2.577,0.8162,0.5206,1,0
8-Jul,22:00,Switzerland,SUI,ARG,79.66,89.59,2.1888,2.7123,0.9558,0.4067,1,0
8-Jul,22:00,Uruguay,URU,COL,80.98,89.28,2.1159,2.6286,0.8061,0.3912,1,0
8-Jul,22:00,USA,USA,BEL,78.21,83,2.0085,1.9839,0.936,0.5602,1,0
9-Jul,10:00,Algeria,ALG,GER,76.16,91.36,2.052,3.3853,1.1136,0.5849,1,1
9-Jul,10:00,Argentina,ARG,SUI,89.59,79.62,2.711,2.183,0.4079,0.9556,1,1
9-Jul,10:00,Belgium,BEL,USA,83.02,78.5,1.9872,2.0192,0.5613,0.9236,1,1
9-Jul,10:00,Brazil,BRA,CHI,88.59,86.08,3.0144,2.4816,0.6982,0.6211,1,1
9-Jul,10:00,Chile,CHI,BRA,86.08,88.59,2.4816,3.0144,0.6211,0.6982,1,0
9-Jul,10:00,Colombia,COL,URU,89.06,80.86,2.5956,2.1078,0.3968,0.8106,1,1
9-Jul,10:00,Costa Rica,CRC,GRE,78.38,74.84,1.4254,1.1949,0.5066,0.561,1,1
9-Jul,10:00,France,FRA,NGA,87.85,76.23,2.5769,1.6545,0.5113,0.8175,1,1
9-Jul,10:00,Germany,GER,ALG,91.36,76.16,3.3853,2.052,0.5849,1.1136,1,0
9-Jul,10:00,Greece,GRE,CRC,74.84,78.38,1.1949,1.4254,0.561,0.5066,1,0
9-Jul,10:00,Mexico,MEX,NED,79.57,87.4,1.6152,2.7093,0.5617,0.6367,1,0
9-Jul,10:00,Netherlands,NED,MEX,87.4,79.57,2.7093,1.6152,0.6367,0.5617,1,1
9-Jul,10:00,Nigeria,NGA,FRA,76.23,87.85,1.6545,2.5769,0.8175,0.5113,1,0
9-Jul,10:00,Switzerland,SUI,ARG,79.62,89.59,2.183,2.711,0.9556,0.4079,1,0
9-Jul,10:00,Uruguay,URU,COL,80.86,89.06,2.1078,2.5956,0.8106,0.3968,1,0
9-Jul,10:00,USA,USA,BEL,78.5,83.02,2.0192,1.9872,0.9236,0.5613,1,0
9-Jul,23:00,Algeria,ALG,GER,76.16,91.36,2.052,3.3853,1.1136,0.5849,1,1
9-Jul,23:00,Argentina,ARG,SUI,89.59,79.62,2.711,2.183,0.4079,0.9556,1,1
9-Jul,23:00,Belgium,BEL,USA,83.02,78.5,1.9872,2.0192,0.5613,0.9236,1,1
9-Jul,23:00,Brazil,BRA,CHI,88.59,86.08,3.0144,2.4816,0.6982,0.6211,1,1
9-Jul,23:00,Chile,CHI,BRA,86.08,88.59,2.4816,3.0144,0.6211,0.6982,1,0
9-Jul,23:00,Colombia,COL,URU,89.06,80.86,2.5956,2.1078,0.3968,0.8106,1,1
9-Jul,23:00,Costa Rica,CRC,GRE,78.38,74.84,1.4254,1.1949,0.5066,0.561,1,1
9-Jul,23:00,France,FRA,NGA,87.85,76.23,2.5769,1.6545,0.5113,0.8175,1,1
9-Jul,23:00,Germany,GER,ALG,91.36,76.16,3.3853,2.052,0.5849,1.1136,1,0
9-Jul,23:00,Greece,GRE,CRC,74.84,78.38,1.1949,1.4254,0.561,0.5066,1,0
9-Jul,23:00,Mexico,MEX,NED,79.57,87.4,1.6152,2.7093,0.5617,0.6367,1,0
9-Jul,23:00,Netherlands,NED,MEX,87.4,79.57,2.7093,1.6152,0.6367,0.5617,1,1
9-Jul,23:00,Nigeria,NGA,FRA,76.23,87.85,1.6545,2.5769,0.8175,0.5113,1,0
9-Jul,23:00,Switzerland,SUI,ARG,79.62,89.59,2.183,2.711,0.9556,0.4079,1,0
9-Jul,23:00,Uruguay,URU,COL,80.86,89.06,2.1078,2.5956,0.8106,0.3968,1,0
9-Jul,23:00,USA,USA,BEL,78.5,83.02,2.0192,1.9872,0.9236,0.5613,1,0
10-Jul,16:45,Algeria,ALG,GER,76.15,91.35,2.0503,3.3853,1.1128,0.5851,1,1
10-Jul,16:45,Argentina,ARG,SUI,89.17,79.62,2.5521,2.1881,0.3581,0.9593,1,1
10-Jul,16:45,Belgium,BEL,USA,83,78.5,1.9914,2.0165,0.5655,0.9219,1,1
10-Jul,16:45,Brazil,BRA,CHI,88.58,86.06,3.0129,2.483,0.6974,0.6242,1,1
10-Jul,16:45,Chile,CHI,BRA,86.06,88.58,2.483,3.0129,0.6242,0.6974,1,0
10-Jul,16:45,Colombia,COL,URU,89.06,80.82,2.5988,2.102,0.3986,0.8095,1,1
10-Jul,16:45,Costa Rica,CRC,GRE,78.41,74.85,1.4314,1.194,0.5085,0.5597,1,1
10-Jul,16:45,France,FRA,NGA,87.84,76.25,2.5765,1.671,0.5112,0.828,1,1
10-Jul,16:45,Germany,GER,ALG,91.35,76.15,3.3853,2.0503,0.5851,1.1128,1,0
10-Jul,16:45,Greece,GRE,CRC,74.85,78.41,1.194,1.4314,0.5597,0.5085,1,0
10-Jul,16:45,Mexico,MEX,NED,79.6,87.38,1.6241,2.5914,0.5659,0.5666,1,0
10-Jul,16:45,Netherlands,NED,MEX,87.38,79.6,2.5914,1.6241,0.5666,0.5659,1,1
10-Jul,16:45,Nigeria,NGA,FRA,76.25,87.84,1.671,2.5765,0.828,0.5112,1,0
10-Jul,16:45,Switzerland,SUI,ARG,79.62,89.17,2.1881,2.5521,0.9593,0.3581,1,0
10-Jul,16:45,Uruguay,URU,COL,80.82,89.06,2.102,2.5988,0.8095,0.3986,1,0
10-Jul,16:45,USA,USA,BEL,78.5,83,2.0165,1.9914,0.9219,0.5655,1,0
11-Jul,10:30,Algeria,ALG,GER,76.14,91.36,2.0496,3.3854,1.1129,0.5849,1,1
11-Jul,10:30,Argentina,ARG,SUI,89.17,79.62,2.5522,2.1879,0.3581,0.9594,1,1
11-Jul,10:30,Belgium,BEL,USA,83,78.49,1.9915,2.0165,0.5657,0.922,1,1
11-Jul,10:30,Brazil,BRA,CHI,88.59,86.06,3.0132,2.4833,0.6973,0.6243,1,1
11-Jul,10:30,Chile,CHI,BRA,86.06,88.59,2.4833,3.0132,0.6243,0.6973,1,0
11-Jul,10:30,Colombia,COL,URU,89.06,80.82,2.5986,2.1022,0.3986,0.8093,1,1
11-Jul,10:30,Costa Rica,CRC,GRE,78.41,74.85,1.4313,1.1941,0.5086,0.5598,1,1
11-Jul,10:30,France,FRA,NGA,87.84,76.25,2.5764,1.671,0.5113,0.8281,1,1
11-Jul,10:30,Germany,GER,ALG,91.36,76.14,3.3854,2.0496,0.5849,1.1129,1,0
11-Jul,10:30,Greece,GRE,CRC,74.85,78.41,1.1941,1.4313,0.5598,0.5086,1,0
11-Jul,10:30,Mexico,MEX,NED,79.59,87.37,1.6238,2.5912,0.5661,0.5667,1,0
11-Jul,10:30,Netherlands,NED,MEX,87.37,79.59,2.5912,1.6238,0.5667,0.5661,1,1
11-Jul,10:30,Nigeria,NGA,FRA,76.25,87.84,1.671,2.5764,0.8281,0.5113,1,0
11-Jul,10:30,Switzerland,SUI,ARG,79.62,89.17,2.1879,2.5522,0.9594,0.3581,1,0
11-Jul,10:30,Uruguay,URU,COL,80.82,89.06,2.1022,2.5986,0.8093,0.3986,1,0
11-Jul,10:30,USA,USA,BEL,78.49,83,2.0165,1.9915,0.922,0.5657,1,0